local_time,quote_time,code,name,price,pct,open,high,low,prev_close,amount,trigger_price,invalid_price
2026-05-28T09:25:47,2026-05-28 09:25:00,002181,粤传媒,14.7,-2.0,14.7,14.7,14.7,15.0,26527620.0,15.0,13.17
2026-05-28T09:25:47,2026-05-28 09:25:00,000506,招金黄金,14.75,-0.8737,14.75,14.75,14.75,14.88,8608100.0,14.88,14.0
2026-05-28T09:25:47,2026-05-28 09:25:00,003004,声迅股份,54.83,-0.1457,54.83,54.83,54.83,54.91,3454290.0,54.91,49.76
2026-05-28T09:25:47,2026-05-28 09:25:33,603685,晨丰科技,35.38,-1.0626,35.38,35.38,35.38,35.76,3874110.0,35.76,32.56
2026-05-28T09:25:47,2026-05-28 09:25:25,600396,华电辽能,19.5,5.0081,19.5,19.5,19.5,18.57,122122650.0,16.88,14.75
2026-05-28T09:25:47,2026-05-28 09:25:37,605006,山东玻纤,17.8,-4.0431,17.8,17.8,17.8,18.55,18145320.0,18.55,17.2
2026-05-28T09:25:47,2026-05-28 09:25:35,600719,大连热电,9.78,-3.6453,9.78,9.78,9.78,10.15,3979482.0,10.15,9.83
2026-05-28T09:25:47,2026-05-28 09:25:17,603919,金徽酒,21.08,-3.4356,21.08,21.08,21.08,21.83,10991112.0,20.83,19.25
2026-05-28T09:25:47,2026-05-28 09:25:26,600863,华能蒙电,6.9,2.8316,6.9,6.9,6.9,6.71,82342530.0,6.1,5.39
2026-05-28T09:25:47,2026-05-28 09:25:40,603303,得邦照明,25.53,-2.1089,25.53,25.53,25.53,26.08,1309689.0,25.79,22.56
2026-05-28T09:28:58,2026-05-28 09:25:00,002181,粤传媒,14.7,-2.0,14.7,14.7,14.7,15.0,26527620.0,15.0,13.17
2026-05-28T09:28:58,2026-05-28 09:25:00,000506,招金黄金,14.75,-0.8737,14.75,14.75,14.75,14.88,8608100.0,14.88,14.0
2026-05-28T09:28:58,2026-05-28 09:25:00,003004,声迅股份,54.83,-0.1457,54.83,54.83,54.83,54.91,3454290.0,54.91,49.76
2026-05-28T09:28:58,2026-05-28 09:28:33,603685,晨丰科技,35.38,-1.0626,35.38,35.38,35.38,35.76,3874110.0,35.76,32.56
2026-05-28T09:28:58,2026-05-28 09:28:25,600396,华电辽能,19.5,5.0081,19.5,19.5,19.5,18.57,122122650.0,16.88,14.75
2026-05-28T09:28:58,2026-05-28 09:28:37,605006,山东玻纤,17.8,-4.0431,17.8,17.8,17.8,18.55,18145320.0,18.55,17.2
2026-05-28T09:28:58,2026-05-28 09:28:35,600719,大连热电,9.78,-3.6453,9.78,9.78,9.78,10.15,3979482.0,10.15,9.83
2026-05-28T09:28:58,2026-05-28 09:28:47,603919,金徽酒,21.08,-3.4356,21.08,21.08,21.08,21.83,10991112.0,20.83,19.25
2026-05-28T09:28:58,2026-05-28 09:28:26,600863,华能蒙电,6.9,2.8316,6.9,6.9,6.9,6.71,82342530.0,6.1,5.39
2026-05-28T09:28:58,2026-05-28 09:28:40,603303,得邦照明,25.53,-2.1089,25.53,25.53,25.53,26.08,1309689.0,25.79,22.56
2026-05-28T09:30:52,2026-05-28 09:30:51,002181,粤传媒,15.2,1.3333,14.7,15.2,14.7,15.0,88850390.0,15.0,13.17
2026-05-28T09:30:52,2026-05-28 09:30:51,000506,招金黄金,14.55,-2.2177,14.75,14.83,14.51,14.88,45906377.0,14.88,14.0
2026-05-28T09:30:52,2026-05-28 09:30:48,003004,声迅股份,54.42,-0.8924,54.83,54.91,53.8,54.91,15593358.0,54.91,49.76
2026-05-28T09:30:52,2026-05-28 09:30:50,603685,晨丰科技,35.56,-0.5593,35.38,35.77,35.1,35.76,9407952.0,35.76,32.56
2026-05-28T09:30:52,2026-05-28 09:30:48,600396,华电辽能,18.88,1.6694,19.5,19.5,18.79,18.57,354801358.0,16.88,14.75
2026-05-28T09:30:52,2026-05-28 09:30:48,605006,山东玻纤,17.7,-4.5822,17.8,17.99,17.69,18.55,55744887.0,18.55,17.2
2026-05-28T09:30:52,2026-05-28 09:30:49,600719,大连热电,9.85,-2.9557,9.78,9.86,9.78,10.15,16724764.0,10.15,9.83
2026-05-28T09:30:52,2026-05-28 09:30:49,603919,金徽酒,20.8,-4.7183,21.08,21.13,20.8,21.83,30708638.0,20.83,19.25
2026-05-28T09:30:52,2026-05-28 09:30:49,600863,华能蒙电,7.07,5.3651,6.9,7.1,6.78,6.71,365352010.0,6.1,5.39
2026-05-28T09:30:52,2026-05-28 09:30:48,603303,得邦照明,25.2,-3.3742,25.53,25.63,25.04,26.08,8980861.0,25.79,22.56
2026-05-28T09:35:44,2026-05-28 09:35:42,002181,粤传媒,15.08,0.5333,14.7,15.24,14.7,15.0,258648009.95,15.0,13.17
2026-05-28T09:35:44,2026-05-28 09:35:42,000506,招金黄金,14.62,-1.7473,14.75,14.83,14.4,14.88,97192100.0,14.88,14.0
2026-05-28T09:35:44,2026-05-28 09:35:42,003004,声迅股份,55.77,1.5662,54.83,55.95,53.8,54.91,41482579.0,54.91,49.76
2026-05-28T09:35:44,2026-05-28 09:35:41,603685,晨丰科技,34.82,-2.6286,35.38,35.77,34.82,35.76,29261651.0,35.76,32.56
2026-05-28T09:35:44,2026-05-28 09:35:42,600396,华电辽能,19.9,7.1621,19.5,19.99,18.46,18.57,1517363498.0,16.88,14.75
2026-05-28T09:35:44,2026-05-28 09:35:42,605006,山东玻纤,18.38,-0.9164,17.8,18.67,17.68,18.55,195020646.0,18.55,17.2
2026-05-28T09:35:44,2026-05-28 09:35:40,600719,大连热电,10.15,0.0,9.78,10.17,9.78,10.15,73386574.0,10.15,9.83
2026-05-28T09:35:44,2026-05-28 09:35:43,603919,金徽酒,20.99,-3.8479,21.08,21.16,20.71,21.83,79289297.0,20.83,19.25
2026-05-28T09:35:44,2026-05-28 09:35:43,600863,华能蒙电,7.28,8.4948,6.9,7.31,6.78,6.71,1096202265.0,6.1,5.39
2026-05-28T09:35:44,2026-05-28 09:35:42,603303,得邦照明,25.63,-1.7255,25.53,25.99,25.04,26.08,22184560.0,25.79,22.56
2026-05-28T09:35:54,2026-05-28 09:35:51,002181,粤传媒,15.05,0.3333,14.7,15.24,14.7,15.0,260946901.95,15.0,13.17
2026-05-28T09:35:54,2026-05-28 09:35:51,000506,招金黄金,14.61,-1.8145,14.75,14.83,14.4,14.88,97513799.0,14.88,14.0
2026-05-28T09:35:54,2026-05-28 09:35:51,003004,声迅股份,55.64,1.3294,54.83,55.95,53.8,54.91,42294228.0,54.91,49.76
2026-05-28T09:35:54,2026-05-28 09:35:53,603685,晨丰科技,34.8,-2.6846,35.38,35.77,34.74,35.76,31524287.0,35.76,32.56
2026-05-28T09:35:54,2026-05-28 09:35:51,600396,华电辽能,19.84,6.839,19.5,19.99,18.46,18.57,1539601537.0,16.88,14.75
2026-05-28T09:35:54,2026-05-28 09:35:51,605006,山东玻纤,18.36,-1.0243,17.8,18.67,17.68,18.55,198563384.0,18.55,17.2
2026-05-28T09:35:54,2026-05-28 09:35:52,600719,大连热电,10.11,-0.3941,9.78,10.17,9.78,10.15,76449480.0,10.15,9.83
2026-05-28T09:35:54,2026-05-28 09:35:52,603919,金徽酒,21.01,-3.7563,21.08,21.16,20.71,21.83,79778402.0,20.83,19.25
2026-05-28T09:35:54,2026-05-28 09:35:52,600863,华能蒙电,7.27,8.3458,6.9,7.31,6.78,6.71,1112129407.0,6.1,5.39
2026-05-28T09:35:54,2026-05-28 09:35:51,603303,得邦照明,25.58,-1.9172,25.53,25.99,25.04,26.08,22632404.0,25.79,22.56
2026-05-28T09:40:56,2026-05-28 09:40:54,002181,粤传媒,15.1,0.6667,14.7,15.3,14.7,15.0,391547719.15,15.0,13.17
2026-05-28T09:40:56,2026-05-28 09:40:54,000506,招金黄金,14.6,-1.8817,14.75,14.83,14.4,14.88,121670918.0,14.88,14.0
2026-05-28T09:40:56,2026-05-28 09:40:54,003004,声迅股份,55.55,1.1655,54.83,56.29,53.8,54.91,68023480.0,54.91,49.76
2026-05-28T09:40:56,2026-05-28 09:40:53,603685,晨丰科技,35.28,-1.3423,35.38,35.77,34.62,35.76,42303325.0,35.76,32.56
2026-05-28T09:40:56,2026-05-28 09:40:54,600396,华电辽能,19.21,3.4464,19.5,19.99,18.46,18.57,2146091050.0,16.88,14.75
2026-05-28T09:40:56,2026-05-28 09:40:54,605006,山东玻纤,18.74,1.0243,17.8,18.96,17.68,18.55,403119895.0,18.55,17.2
2026-05-28T09:40:56,2026-05-28 09:40:52,600719,大连热电,9.67,-4.7291,9.78,10.17,9.65,10.15,151745742.0,10.15,9.83
2026-05-28T09:40:56,2026-05-28 09:40:55,603919,金徽酒,21.12,-3.2524,21.08,21.26,20.71,21.83,106263000.0,20.83,19.25
2026-05-28T09:40:56,2026-05-28 09:40:55,600863,华能蒙电,6.95,3.5768,6.9,7.31,6.78,6.71,1502262339.0,6.1,5.39
2026-05-28T09:40:56,2026-05-28 09:40:54,603303,得邦照明,25.33,-2.8758,25.53,25.99,25.04,26.08,30270619.0,25.79,22.56
2026-05-28T09:45:58,2026-05-28 09:45:57,002181,粤传媒,15.09,0.6,14.7,15.3,14.7,15.0,469483295.29,15.0,13.17
2026-05-28T09:45:58,2026-05-28 09:45:57,000506,招金黄金,14.44,-2.957,14.75,14.83,14.4,14.88,164961039.0,14.88,14.0
2026-05-28T09:45:58,2026-05-28 09:45:57,003004,声迅股份,55.05,0.255,54.83,56.29,53.8,54.91,83606999.0,54.91,49.76
2026-05-28T09:45:58,2026-05-28 09:45:56,603685,晨丰科技,34.7,-2.9642,35.38,35.77,34.62,35.76,49991453.0,35.76,32.56
2026-05-28T09:45:58,2026-05-28 09:45:55,600396,华电辽能,18.43,-0.7539,19.5,19.99,18.18,18.57,2926556028.0,16.88,14.75
2026-05-28T09:45:58,2026-05-28 09:45:54,605006,山东玻纤,18.87,1.7251,17.8,19.17,17.68,18.55,532570811.0,18.55,17.2
2026-05-28T09:45:58,2026-05-28 09:45:55,600719,大连热电,9.48,-6.601,9.78,10.17,9.47,10.15,206532431.0,10.15,9.83
2026-05-28T09:45:58,2026-05-28 09:45:55,603919,金徽酒,21.2,-2.8859,21.08,21.26,20.71,21.83,127301874.0,20.83,19.25
2026-05-28T09:45:58,2026-05-28 09:45:55,600863,华能蒙电,6.77,0.8942,6.9,7.31,6.65,6.71,1906669895.0,6.1,5.39
2026-05-28T09:45:58,2026-05-28 09:45:54,603303,得邦照明,25.39,-2.6457,25.53,25.99,25.04,26.08,35153377.0,25.79,22.56
2026-05-28T09:50:00,2026-05-28 09:49:57,002181,粤传媒,15.0,0.0,14.7,15.3,14.7,15.0,523041320.46,15.0,13.17
2026-05-28T09:50:00,2026-05-28 09:49:57,000506,招金黄金,14.45,-2.8898,14.75,14.83,14.4,14.88,182618747.0,14.88,14.0
2026-05-28T09:50:00,2026-05-28 09:49:57,003004,声迅股份,54.78,-0.2368,54.83,56.29,53.8,54.91,94533234.32,54.91,49.76
2026-05-28T09:50:00,2026-05-28 09:49:59,603685,晨丰科技,34.63,-3.16,35.38,35.77,34.55,35.76,55675979.0,35.76,32.56
2026-05-28T09:50:00,2026-05-28 09:49:57,600396,华电辽能,19.02,2.4233,19.5,19.99,18.18,18.57,3340461818.0,16.88,14.75
2026-05-28T09:50:00,2026-05-28 09:49:57,605006,山东玻纤,19.2,3.504,17.8,19.2,17.68,18.55,603897277.0,18.55,17.2
2026-05-28T09:50:00,2026-05-28 09:49:58,600719,大连热电,9.6,-5.4187,9.78,10.17,9.45,10.15,237205737.0,10.15,9.83
2026-05-28T09:50:00,2026-05-28 09:49:58,603919,金徽酒,21.16,-3.0692,21.08,21.33,20.71,21.83,138828801.0,20.83,19.25
2026-05-28T09:50:00,2026-05-28 09:49:58,600863,华能蒙电,6.9,2.8316,6.9,7.31,6.65,6.71,2076367073.0,6.1,5.39
2026-05-28T09:50:00,2026-05-28 09:49:57,603303,得邦照明,25.68,-1.5337,25.53,25.99,25.04,26.08,38932913.0,25.79,22.56
2026-05-28T09:55:03,2026-05-28 09:55:00,002181,粤传媒,14.9,-0.6667,14.7,15.3,14.7,15.0,591740573.46,15.0,13.17
2026-05-28T09:55:03,2026-05-28 09:55:00,000506,招金黄金,14.32,-3.7634,14.75,14.83,14.27,14.88,210914356.0,14.88,14.0
2026-05-28T09:55:03,2026-05-28 09:55:00,003004,声迅股份,55.21,0.5463,54.83,56.29,53.8,54.91,99816124.28,54.91,49.76
2026-05-28T09:55:03,2026-05-28 09:54:59,603685,晨丰科技,34.83,-2.6007,35.38,35.77,34.55,35.76,63000255.0,35.76,32.56
2026-05-28T09:55:03,2026-05-28 09:55:00,600396,华电辽能,19.07,2.6925,19.5,19.99,18.18,18.57,3563427475.0,16.88,14.75
2026-05-28T09:55:03,2026-05-28 09:55:00,605006,山东玻纤,19.46,4.9057,17.8,19.49,17.68,18.55,748313240.0,18.55,17.2
2026-05-28T09:55:03,2026-05-28 09:55:01,600719,大连热电,9.7,-4.4335,9.78,10.17,9.45,10.15,258613522.0,10.15,9.83
2026-05-28T09:55:03,2026-05-28 09:55:01,603919,金徽酒,21.05,-3.5731,21.08,21.33,20.71,21.83,147379250.0,20.83,19.25
2026-05-28T09:55:03,2026-05-28 09:55:01,600863,华能蒙电,7.01,4.4709,6.9,7.31,6.65,6.71,2215481509.0,6.1,5.39
2026-05-28T09:55:03,2026-05-28 09:55:00,603303,得邦照明,25.69,-1.4954,25.53,25.99,25.04,26.08,41305034.0,25.79,22.56
2026-05-28T10:00:04,2026-05-28 10:00:03,002181,粤传媒,15.01,0.0667,14.7,15.3,14.7,15.0,632236271.51,15.0,13.17
2026-05-28T10:00:04,2026-05-28 10:00:03,000506,招金黄金,14.27,-4.0995,14.75,14.83,14.22,14.88,232488728.0,14.88,14.0
2026-05-28T10:00:04,2026-05-28 10:00:03,003004,声迅股份,55.1,0.346,54.83,56.29,53.8,54.91,104893130.28,54.91,49.76
2026-05-28T10:00:04,2026-05-28 10:00:02,603685,晨丰科技,34.66,-3.0761,35.38,35.77,34.55,35.76,70919204.0,35.76,32.56
2026-05-28T10:00:04,2026-05-28 10:00:00,600396,华电辽能,19.19,3.3387,19.5,19.99,18.18,18.57,3712787481.0,16.88,14.75
2026-05-28T10:00:04,2026-05-28 10:00:03,605006,山东玻纤,19.38,4.4744,17.8,19.66,17.68,18.55,862637879.0,18.55,17.2
2026-05-28T10:00:04,2026-05-28 10:00:02,600719,大连热电,9.74,-4.0394,9.78,10.17,9.45,10.15,272950293.0,10.15,9.83
2026-05-28T10:00:04,2026-05-28 10:00:01,603919,金徽酒,21.2,-2.8859,21.08,21.35,20.71,21.83,159278219.0,20.83,19.25
2026-05-28T10:00:04,2026-05-28 10:00:01,600863,华能蒙电,7.06,5.2161,6.9,7.31,6.65,6.71,2322017618.0,6.1,5.39
2026-05-28T10:00:04,2026-05-28 10:00:03,603303,得邦照明,25.75,-1.2653,25.53,25.99,25.04,26.08,44659310.0,25.79,22.56
2026-05-28T10:05:06,2026-05-28 10:05:03,002181,粤传媒,15.02,0.1333,14.7,15.3,14.7,15.0,662830485.91,15.0,13.17
2026-05-28T10:05:06,2026-05-28 10:05:03,000506,招金黄金,14.36,-3.4946,14.75,14.83,14.22,14.88,244114481.7,14.88,14.0
2026-05-28T10:05:06,2026-05-28 10:05:03,003004,声迅股份,55.23,0.5828,54.83,56.29,53.8,54.91,110760505.28,54.91,49.76
2026-05-28T10:05:06,2026-05-28 10:05:05,603685,晨丰科技,34.7,-2.9642,35.38,35.77,34.55,35.76,75813819.0,35.76,32.56
2026-05-28T10:05:06,2026-05-28 10:05:03,600396,华电辽能,19.25,3.6618,19.5,19.99,18.18,18.57,3817595881.0,16.88,14.75
2026-05-28T10:05:06,2026-05-28 10:05:03,605006,山东玻纤,19.43,4.7439,17.8,19.66,17.68,18.55,910247867.0,18.55,17.2
2026-05-28T10:05:06,2026-05-28 10:05:05,600719,大连热电,9.7,-4.4335,9.78,10.17,9.45,10.15,284631889.0,10.15,9.83
2026-05-28T10:05:06,2026-05-28 10:05:04,603919,金徽酒,20.97,-3.9395,21.08,21.35,20.71,21.83,170589376.0,20.83,19.25
2026-05-28T10:05:06,2026-05-28 10:05:04,600863,华能蒙电,6.98,4.0238,6.9,7.31,6.65,6.71,2400672222.0,6.1,5.39
2026-05-28T10:05:06,2026-05-28 10:05:03,603303,得邦照明,25.55,-2.0322,25.53,25.99,25.04,26.08,47016242.0,25.79,22.56
2026-05-28T10:10:08,2026-05-28 10:10:06,002181,粤传媒,15.18,1.2,14.7,15.3,14.7,15.0,709423513.91,15.0,13.17
2026-05-28T10:10:08,2026-05-28 10:10:06,000506,招金黄金,14.34,-3.629,14.75,14.83,14.22,14.88,250480290.66,14.88,14.0
2026-05-28T10:10:08,2026-05-28 10:10:03,003004,声迅股份,54.88,-0.0546,54.83,56.29,53.8,54.91,118160751.28,54.91,49.76
2026-05-28T10:10:08,2026-05-28 10:10:05,603685,晨丰科技,34.44,-3.6913,35.38,35.77,34.37,35.76,85823212.0,35.76,32.56
2026-05-28T10:10:08,2026-05-28 10:10:06,600396,华电辽能,19.29,3.8772,19.5,19.99,18.18,18.57,3885938892.0,16.88,14.75
2026-05-28T10:10:08,2026-05-28 10:10:06,605006,山东玻纤,19.25,3.7736,17.8,19.66,17.68,18.55,945345983.0,18.55,17.2
2026-05-28T10:10:08,2026-05-28 10:10:04,600719,大连热电,9.68,-4.6305,9.78,10.17,9.45,10.15,294027915.0,10.15,9.83
2026-05-28T10:10:08,2026-05-28 10:10:07,603919,金徽酒,21.05,-3.5731,21.08,21.35,20.71,21.83,180500787.0,20.83,19.25
2026-05-28T10:10:08,2026-05-28 10:10:04,600863,华能蒙电,6.98,4.0238,6.9,7.31,6.65,6.71,2446523303.0,6.1,5.39
2026-05-28T10:10:08,2026-05-28 10:10:06,603303,得邦照明,25.33,-2.8758,25.53,25.99,25.04,26.08,50229609.0,25.79,22.56
2026-05-28T10:15:09,2026-05-28 10:15:09,002181,粤传媒,15.16,1.0667,14.7,15.3,14.7,15.0,759916766.91,15.0,13.17
2026-05-28T10:15:09,2026-05-28 10:15:09,000506,招金黄金,14.27,-4.0995,14.75,14.83,14.22,14.88,260408506.66,14.88,14.0
2026-05-28T10:15:09,2026-05-28 10:15:06,003004,声迅股份,55.22,0.5646,54.83,56.29,53.8,54.91,122486298.28,54.91,49.76
2026-05-28T10:15:09,2026-05-28 10:15:08,603685,晨丰科技,34.34,-3.9709,35.38,35.77,34.11,35.76,105322292.0,35.76,32.56
2026-05-28T10:15:09,2026-05-28 10:15:07,600396,华电辽能,19.24,3.608,19.5,19.99,18.18,18.57,4006986527.0,16.88,14.75
2026-05-28T10:15:09,2026-05-28 10:15:06,605006,山东玻纤,19.28,3.9353,17.8,19.66,17.68,18.55,982089977.0,18.55,17.2
2026-05-28T10:15:09,2026-05-28 10:15:07,600719,大连热电,9.76,-3.8424,9.78,10.17,9.45,10.15,306336593.0,10.15,9.83
2026-05-28T10:15:09,2026-05-28 10:15:07,603919,金徽酒,20.92,-4.1686,21.08,21.35,20.71,21.83,188984819.0,20.83,19.25
2026-05-28T10:15:09,2026-05-28 10:15:07,600863,华能蒙电,7.0,4.3219,6.9,7.31,6.65,6.71,2505073121.0,6.1,5.39
2026-05-28T10:15:09,2026-05-28 10:15:06,603303,得邦照明,25.33,-2.8758,25.53,25.99,25.04,26.08,52343180.0,25.79,22.56
2026-05-28T10:20:03,2026-05-28 10:20:00,600021,上海电力,20.59,0.0,20.59,21.45,19.9,20.59,2088405963.0,21.6,20.59
2026-05-28T10:20:03,2026-05-28 10:20:00,002181,粤传媒,15.17,1.1333,14.7,15.3,14.7,15.0,782338335.71,15.0,13.17
2026-05-28T10:20:03,2026-05-28 10:20:00,000506,招金黄金,14.34,-3.629,14.75,14.83,14.22,14.88,266822491.66,14.88,14.0
2026-05-28T10:20:03,2026-05-28 10:20:00,003004,声迅股份,55.35,0.8013,54.83,56.29,53.8,54.91,126261215.28,54.91,49.76
2026-05-28T10:20:03,2026-05-28 10:20:02,603685,晨丰科技,34.04,-4.8098,35.38,35.77,34.04,35.76,111546593.0,35.76,32.56
2026-05-28T10:20:03,2026-05-28 10:20:00,600396,华电辽能,19.49,4.9542,19.5,19.99,18.18,18.57,4067803659.0,16.88,14.75
2026-05-28T10:20:03,2026-05-28 10:20:00,605006,山东玻纤,19.1,2.965,17.8,19.66,17.68,18.55,1001436655.0,18.55,17.2
2026-05-28T10:20:03,2026-05-28 10:20:01,600719,大连热电,9.8,-3.4483,9.78,10.17,9.45,10.15,315568418.0,10.15,9.83
2026-05-28T10:20:03,2026-05-28 10:20:01,603919,金徽酒,20.99,-3.8479,21.08,21.35,20.71,21.83,193938364.0,20.83,19.25
2026-05-28T10:20:03,2026-05-28 10:20:01,600863,华能蒙电,6.97,3.8748,6.9,7.31,6.65,6.71,2568793113.0,6.1,5.39
2026-05-28T10:20:03,2026-05-28 10:20:00,603303,得邦照明,25.25,-3.1825,25.53,25.99,25.04,26.08,56163398.0,25.79,22.56
2026-05-28T10:20:11,2026-05-28 10:20:09,600021,上海电力,20.59,0.0,20.59,21.45,19.9,20.59,2091154718.0,21.6,20.59
2026-05-28T10:20:11,2026-05-28 10:20:09,002181,粤传媒,15.17,1.1333,14.7,15.3,14.7,15.0,783046738.71,15.0,13.17
2026-05-28T10:20:11,2026-05-28 10:20:09,000506,招金黄金,14.37,-3.4274,14.75,14.83,14.22,14.88,267824051.66,14.88,14.0
2026-05-28T10:20:11,2026-05-28 10:20:06,003004,声迅股份,55.36,0.8195,54.83,56.29,53.8,54.91,126277835.28,54.91,49.76
2026-05-28T10:20:11,2026-05-28 10:20:08,603685,晨丰科技,34.05,-4.7819,35.38,35.77,34.04,35.76,111601069.0,35.76,32.56
2026-05-28T10:20:11,2026-05-28 10:20:09,600396,华电辽能,19.49,4.9542,19.5,19.99,18.18,18.57,4069526345.0,16.88,14.75
2026-05-28T10:20:11,2026-05-28 10:20:09,605006,山东玻纤,19.11,3.0189,17.8,19.66,17.68,18.55,1003500226.0,18.55,17.2
2026-05-28T10:20:11,2026-05-28 10:20:07,600719,大连热电,9.8,-3.4483,9.78,10.17,9.45,10.15,315849723.0,10.15,9.83
2026-05-28T10:20:11,2026-05-28 10:20:10,603919,金徽酒,20.98,-3.8937,21.08,21.35,20.71,21.83,194026499.0,20.83,19.25
2026-05-28T10:20:11,2026-05-28 10:20:10,600863,华能蒙电,6.96,3.7258,6.9,7.31,6.65,6.71,2570629831.0,6.1,5.39
2026-05-28T10:20:11,2026-05-28 10:20:09,603303,得邦照明,25.26,-3.1442,25.53,25.99,25.04,26.08,56244189.0,25.79,22.56
2026-05-28T10:20:40,2026-05-28 10:20:36,600021,上海电力,20.69,0.4857,20.59,21.45,19.9,20.59,2097332438.0,21.6,20.2
2026-05-28T10:20:40,2026-05-28 10:20:39,002181,粤传媒,15.16,1.0667,14.7,15.3,14.7,15.0,784218608.71,15.0,13.17
2026-05-28T10:20:40,2026-05-28 10:20:39,000506,招金黄金,14.38,-3.3602,14.75,14.83,14.22,14.88,268895869.66,14.88,14.0
2026-05-28T10:20:40,2026-05-28 10:20:39,003004,声迅股份,55.36,0.8195,54.83,56.29,53.8,54.91,126637866.28,54.91,49.76
2026-05-28T10:20:40,2026-05-28 10:20:38,603685,晨丰科技,34.07,-4.726,35.38,35.77,34.04,35.76,112367449.0,35.76,32.56
2026-05-28T10:20:40,2026-05-28 10:20:36,600396,华电辽能,19.49,4.9542,19.5,19.99,18.18,18.57,4075582317.0,16.88,14.75
2026-05-28T10:20:40,2026-05-28 10:20:39,605006,山东玻纤,19.16,3.2884,17.8,19.66,17.68,18.55,1005988320.0,18.55,17.2
2026-05-28T10:20:40,2026-05-28 10:20:37,600719,大连热电,9.83,-3.1527,9.78,10.17,9.45,10.15,316152240.0,10.15,9.83
2026-05-28T10:20:40,2026-05-28 10:20:37,603919,金徽酒,21.01,-3.7563,21.08,21.35,20.71,21.83,194192440.0,20.83,19.25
2026-05-28T10:20:40,2026-05-28 10:20:37,600863,华能蒙电,6.94,3.4277,6.9,7.31,6.65,6.71,2577241617.0,6.1,5.39
2026-05-28T10:20:40,2026-05-28 10:20:36,603303,得邦照明,25.16,-3.5276,25.53,25.99,25.04,26.08,56987716.0,25.79,22.56
2026-05-28T10:25:13,2026-05-28 10:25:09,600021,上海电力,20.79,0.9713,20.59,21.45,19.9,20.59,2147702045.0,21.6,20.2
2026-05-28T10:25:13,2026-05-28 10:25:12,002181,粤传媒,15.19,1.2667,14.7,15.3,14.7,15.0,804646181.71,15.0,13.17
2026-05-28T10:25:13,2026-05-28 10:25:12,000506,招金黄金,14.38,-3.3602,14.75,14.83,14.22,14.88,274863093.66,14.88,14.0
2026-05-28T10:25:13,2026-05-28 10:25:12,003004,声迅股份,55.37,0.8377,54.83,56.29,53.8,54.91,129405396.28,54.91,49.76
2026-05-28T10:25:13,2026-05-28 10:25:11,603685,晨丰科技,33.9,-5.2013,35.38,35.77,33.9,35.76,120534363.0,35.76,32.56
2026-05-28T10:25:13,2026-05-28 10:25:09,600396,华电辽能,19.53,5.1696,19.5,19.99,18.18,18.57,4136828638.0,16.88,14.75
2026-05-28T10:25:13,2026-05-28 10:25:09,605006,山东玻纤,19.17,3.3423,17.8,19.66,17.68,18.55,1023584643.0,18.55,17.2
2026-05-28T10:25:13,2026-05-28 10:25:10,600719,大连热电,9.81,-3.3498,9.78,10.17,9.45,10.15,324029197.0,10.15,9.83
2026-05-28T10:25:13,2026-05-28 10:25:10,603919,金徽酒,21.01,-3.7563,21.08,21.35,20.71,21.83,198825835.0,20.83,19.25
2026-05-28T10:25:13,2026-05-28 10:25:10,600863,华能蒙电,7.0,4.3219,6.9,7.31,6.65,6.71,2615772171.0,6.1,5.39
2026-05-28T10:25:13,2026-05-28 10:25:09,603303,得邦照明,25.12,-3.681,25.53,25.99,25.0,26.08,61758999.0,25.79,22.56
2026-05-28T10:30:15,2026-05-28 10:30:12,600021,上海电力,20.9,1.5056,20.59,21.45,19.9,20.59,2253605283.0,21.6,20.2
2026-05-28T10:30:15,2026-05-28 10:30:12,002181,粤传媒,15.15,1.0,14.7,15.3,14.7,15.0,826917674.71,15.0,13.17
2026-05-28T10:30:15,2026-05-28 10:30:12,000506,招金黄金,14.4,-3.2258,14.75,14.83,14.22,14.88,283990030.66,14.88,14.0
2026-05-28T10:30:15,2026-05-28 10:30:12,003004,声迅股份,55.38,0.8559,54.83,56.29,53.8,54.91,131181646.28,54.91,49.76
2026-05-28T10:30:15,2026-05-28 10:30:13,603685,晨丰科技,35.13,-1.7617,35.38,35.77,33.81,35.76,131667467.0,35.76,32.56
2026-05-28T10:30:15,2026-05-28 10:30:12,600396,华电辽能,19.69,6.0312,19.5,19.99,18.18,18.57,4250088400.0,16.88,14.75
2026-05-28T10:30:15,2026-05-28 10:30:12,605006,山东玻纤,19.36,4.3666,17.8,19.66,17.68,18.55,1053678189.0,18.55,17.2
2026-05-28T10:30:15,2026-05-28 10:30:13,600719,大连热电,9.89,-2.5616,9.78,10.17,9.45,10.15,335725971.0,10.15,9.83
2026-05-28T10:30:15,2026-05-28 10:30:13,603919,金徽酒,21.0,-3.8021,21.08,21.35,20.71,21.83,203995140.0,20.83,19.25
2026-05-28T10:30:15,2026-05-28 10:30:13,600863,华能蒙电,7.07,5.3651,6.9,7.31,6.65,6.71,2700846194.0,6.1,5.39
2026-05-28T10:30:15,2026-05-28 10:30:12,603303,得邦照明,25.24,-3.2209,25.53,25.99,25.0,26.08,63499986.0,25.79,22.56
2026-05-28T10:35:19,2026-05-28 10:35:18,600021,上海电力,20.83,1.1656,20.59,21.45,19.9,20.59,2323637980.0,21.6,20.2
2026-05-28T10:35:19,2026-05-28 10:35:18,002181,粤传媒,14.96,-0.2667,14.7,15.3,14.7,15.0,864856183.71,15.0,13.17
2026-05-28T10:35:19,2026-05-28 10:35:18,000506,招金黄金,14.39,-3.293,14.75,14.83,14.22,14.88,288561514.66,14.88,14.0
2026-05-28T10:35:19,2026-05-28 10:35:18,003004,声迅股份,55.62,1.293,54.83,56.29,53.8,54.91,134216550.28,54.91,49.76
2026-05-28T10:35:19,2026-05-28 10:35:17,603685,晨丰科技,35.72,-0.1119,35.38,35.77,33.81,35.76,141667579.0,35.76,32.56
2026-05-28T10:35:19,2026-05-28 10:35:18,600396,华电辽能,19.78,6.5159,19.5,19.99,18.18,18.57,4326752302.0,16.88,14.75
2026-05-28T10:35:19,2026-05-28 10:35:18,605006,山东玻纤,19.66,5.9838,17.8,19.66,17.68,18.55,1094479093.0,18.55,17.2
2026-05-28T10:35:19,2026-05-28 10:35:16,600719,大连热电,9.89,-2.5616,9.78,10.17,9.45,10.15,342231642.0,10.15,9.83
2026-05-28T10:35:19,2026-05-28 10:35:19,603919,金徽酒,20.86,-4.4434,21.08,21.35,20.71,21.83,213734555.0,20.83,19.25
2026-05-28T10:35:19,2026-05-28 10:35:16,600863,华能蒙电,7.05,5.0671,6.9,7.31,6.65,6.71,2743267976.0,6.1,5.39
2026-05-28T10:35:19,2026-05-28 10:35:18,603303,得邦照明,25.13,-3.6426,25.53,25.99,25.0,26.08,66317363.0,25.79,22.56
2026-05-28T10:40:21,2026-05-28 10:40:18,600021,上海电力,20.9,1.5056,20.59,21.45,19.9,20.59,2364981269.0,21.6,20.2
2026-05-28T10:40:21,2026-05-28 10:40:18,002181,粤传媒,14.99,-0.0667,14.7,15.3,14.7,15.0,893865851.15,15.0,13.17
2026-05-28T10:40:21,2026-05-28 10:40:18,000506,招金黄金,14.35,-3.5618,14.75,14.83,14.22,14.88,291969160.66,14.88,14.0
2026-05-28T10:40:21,2026-05-28 10:40:18,003004,声迅股份,55.97,1.9304,54.83,56.29,53.8,54.91,143724953.28,54.91,49.76
2026-05-28T10:40:21,2026-05-28 10:40:20,603685,晨丰科技,36.23,1.3143,35.38,36.29,33.81,35.76,158639299.0,35.76,32.56
2026-05-28T10:40:21,2026-05-28 10:40:18,600396,华电辽能,19.98,7.5929,19.5,19.99,18.18,18.57,4437310521.0,16.88,14.75
2026-05-28T10:40:21,2026-05-28 10:40:18,605006,山东玻纤,19.78,6.6307,17.8,19.97,17.68,18.55,1152248854.0,18.55,17.2
2026-05-28T10:40:21,2026-05-28 10:40:19,600719,大连热电,9.85,-2.9557,9.78,10.17,9.45,10.15,347268483.0,10.15,9.83
2026-05-28T10:40:21,2026-05-28 10:40:19,603919,金徽酒,20.9,-4.2602,21.08,21.35,20.71,21.83,219135660.0,20.83,19.25
2026-05-28T10:40:21,2026-05-28 10:40:19,600863,华能蒙电,7.09,5.6632,6.9,7.31,6.65,6.71,2780100925.0,6.1,5.39
2026-05-28T10:40:21,2026-05-28 10:40:18,603303,得邦照明,25.18,-3.4509,25.53,25.99,25.0,26.08,68152909.0,25.79,22.56
2026-05-28T10:45:21,2026-05-28 10:45:21,600021,上海电力,20.9,1.5056,20.59,21.45,19.9,20.59,2411051488.0,21.6,20.2
2026-05-28T10:45:21,2026-05-28 10:45:21,002181,粤传媒,15.1,0.6667,14.7,15.3,14.7,15.0,913862247.03,15.0,13.17
2026-05-28T10:45:21,2026-05-28 10:45:18,000506,招金黄金,14.35,-3.5618,14.75,14.83,14.22,14.88,296397914.66,14.88,14.0
2026-05-28T10:45:21,2026-05-28 10:45:21,003004,声迅股份,55.75,1.5298,54.83,56.29,53.8,54.91,146623406.28,54.91,49.76
2026-05-28T10:45:21,2026-05-28 10:45:23,603685,晨丰科技,36.14,1.0626,35.38,36.31,33.81,35.76,170529153.0,35.76,32.56
2026-05-28T10:45:21,2026-05-28 10:45:21,600396,华电辽能,20.2,8.7776,19.5,20.21,18.18,18.57,4560938311.0,16.88,14.75
2026-05-28T10:45:21,2026-05-28 10:45:21,605006,山东玻纤,19.8,6.7385,17.8,20.0,17.68,18.55,1180739767.0,18.55,17.2
2026-05-28T10:45:21,2026-05-28 10:45:22,600719,大连热电,10.03,-1.1823,9.78,10.17,9.45,10.15,357961372.0,10.15,9.83
2026-05-28T10:45:21,2026-05-28 10:45:22,603919,金徽酒,20.99,-3.8479,21.08,21.35,20.71,21.83,225812989.0,20.83,19.25
2026-05-28T10:45:21,2026-05-28 10:45:22,600863,华能蒙电,7.23,7.7496,6.9,7.31,6.65,6.71,2848754074.0,6.1,5.39
2026-05-28T10:45:21,2026-05-28 10:45:21,603303,得邦照明,25.3,-2.9908,25.53,25.99,25.0,26.08,71854006.0,25.79,22.56
2026-05-28T10:50:25,2026-05-28 10:50:24,600021,上海电力,21.04,2.1855,20.59,21.45,19.9,20.59,2531210761.0,21.6,20.2
2026-05-28T10:50:25,2026-05-28 10:50:24,002181,粤传媒,15.16,1.0667,14.7,15.3,14.7,15.0,932240561.03,15.0,13.17
2026-05-28T10:50:25,2026-05-28 10:50:27,000506,招金黄金,14.34,-3.629,14.75,14.83,14.22,14.88,300569110.66,14.88,14.0
2026-05-28T10:50:25,2026-05-28 10:50:24,003004,声迅股份,55.98,1.9486,54.83,56.29,53.8,54.91,149368062.28,54.91,49.76
2026-05-28T10:50:25,2026-05-28 10:50:26,603685,晨丰科技,35.8,0.1119,35.38,36.31,33.81,35.76,176740609.0,35.76,32.56
2026-05-28T10:50:25,2026-05-28 10:50:24,600396,华电辽能,20.15,8.5083,19.5,20.21,18.18,18.57,4635730800.0,16.88,14.75
2026-05-28T10:50:25,2026-05-28 10:50:24,605006,山东玻纤,19.84,6.9542,17.8,20.0,17.68,18.55,1205464525.0,18.55,17.2
2026-05-28T10:50:25,2026-05-28 10:50:25,600719,大连热电,9.98,-1.6749,9.78,10.17,9.45,10.15,382040856.0,10.15,9.83
2026-05-28T10:50:25,2026-05-28 10:50:24,603919,金徽酒,20.96,-3.9853,21.08,21.35,20.71,21.83,227641127.0,20.83,19.25
2026-05-28T10:50:25,2026-05-28 10:50:25,600863,华能蒙电,7.19,7.1535,6.9,7.31,6.65,6.71,2910077230.0,6.1,5.39
2026-05-28T10:50:25,2026-05-28 10:50:24,603303,得邦照明,25.36,-2.7607,25.53,25.99,25.0,26.08,73773792.0,25.79,22.56
2026-05-28T10:55:27,2026-05-28 10:55:27,600021,上海电力,20.96,1.797,20.59,21.45,19.9,20.59,2587150070.0,21.6,20.2
2026-05-28T10:55:27,2026-05-28 10:55:27,002181,粤传媒,15.32,2.1333,14.7,15.43,14.7,15.0,1005185143.03,15.0,13.17
2026-05-28T10:55:27,2026-05-28 10:55:27,000506,招金黄金,14.32,-3.7634,14.75,14.83,14.22,14.88,305815557.66,14.88,14.0
2026-05-28T10:55:27,2026-05-28 10:55:27,003004,声迅股份,55.72,1.4751,54.83,56.29,53.8,54.91,150979136.28,54.91,49.76
2026-05-28T10:55:27,2026-05-28 10:55:26,603685,晨丰科技,35.46,-0.8389,35.38,36.31,33.81,35.76,179739932.0,35.76,32.56
2026-05-28T10:55:27,2026-05-28 10:55:28,600396,华电辽能,20.1,8.2391,19.5,20.21,18.18,18.57,4672705121.0,16.88,14.75
2026-05-28T10:55:27,2026-05-28 10:55:27,605006,山东玻纤,19.69,6.1456,17.8,20.0,17.68,18.55,1218450610.0,18.55,17.2
2026-05-28T10:55:27,2026-05-28 10:55:25,600719,大连热电,10.07,-0.7882,9.78,10.17,9.45,10.15,393034032.0,10.15,9.83
2026-05-28T10:55:27,2026-05-28 10:55:28,603919,金徽酒,20.87,-4.3976,21.08,21.35,20.71,21.83,230602857.0,20.83,19.25
2026-05-28T10:55:27,2026-05-28 10:55:25,600863,华能蒙电,7.15,6.5574,6.9,7.31,6.65,6.71,2950424622.0,6.1,5.39
2026-05-28T10:55:27,2026-05-28 10:55:27,603303,得邦照明,25.39,-2.6457,25.53,25.99,25.0,26.08,74793706.0,25.79,22.56
2026-05-28T11:00:29,2026-05-28 11:00:27,600021,上海电力,20.87,1.3599,20.59,21.45,19.9,20.59,2639102183.0,21.6,20.2
2026-05-28T11:00:29,2026-05-28 11:00:30,002181,粤传媒,15.33,2.2,14.7,15.49,14.7,15.0,1067882908.51,15.0,13.17
2026-05-28T11:00:29,2026-05-28 11:00:30,000506,招金黄金,14.29,-3.9651,14.75,14.83,14.22,14.88,309456754.66,14.88,14.0
2026-05-28T11:00:29,2026-05-28 11:00:30,003004,声迅股份,55.8,1.6208,54.83,56.29,53.8,54.91,153361383.28,54.91,49.76
2026-05-28T11:00:29,2026-05-28 11:00:29,603685,晨丰科技,35.31,-1.2584,35.38,36.31,33.81,35.76,181786087.0,35.76,32.56
2026-05-28T11:00:29,2026-05-28 11:00:27,600396,华电辽能,19.99,7.6467,19.5,20.21,18.18,18.57,4713542919.0,16.88,14.75
2026-05-28T11:00:29,2026-05-28 11:00:30,605006,山东玻纤,19.79,6.6846,17.8,20.0,17.68,18.55,1232120506.0,18.55,17.2
2026-05-28T11:00:29,2026-05-28 11:00:28,600719,大连热电,9.97,-1.7734,9.78,10.17,9.45,10.15,401812015.0,10.15,9.83
2026-05-28T11:00:29,2026-05-28 11:00:28,603919,金徽酒,20.94,-4.077,21.08,21.35,20.71,21.83,233128082.0,20.83,19.25
2026-05-28T11:00:29,2026-05-28 11:00:28,600863,华能蒙电,7.18,7.0045,6.9,7.31,6.65,6.71,2977343907.0,6.1,5.39
2026-05-28T11:00:29,2026-05-28 11:00:27,603303,得邦照明,25.3,-2.9908,25.53,25.99,25.0,26.08,76169059.0,25.79,22.56
2026-05-28T11:05:33,2026-05-28 11:05:33,600021,上海电力,20.99,1.9427,20.59,21.45,19.9,20.59,2682258256.0,21.6,20.2
2026-05-28T11:05:33,2026-05-28 11:05:33,002181,粤传媒,15.34,2.2667,14.7,15.49,14.7,15.0,1097982189.73,15.0,13.17
2026-05-28T11:05:33,2026-05-28 11:05:33,000506,招金黄金,14.29,-3.9651,14.75,14.83,14.22,14.88,314005880.66,14.88,14.0
2026-05-28T11:05:33,2026-05-28 11:05:33,003004,声迅股份,55.66,1.3659,54.83,56.29,53.8,54.91,155030525.28,54.91,49.76
2026-05-28T11:05:33,2026-05-28 11:05:32,603685,晨丰科技,35.25,-1.4262,35.38,36.31,33.81,35.76,187306579.0,35.76,32.56
2026-05-28T11:05:33,2026-05-28 11:05:33,600396,华电辽能,20.16,8.5622,19.5,20.21,18.18,18.57,4774698414.0,16.88,14.75
2026-05-28T11:05:33,2026-05-28 11:05:33,605006,山东玻纤,19.68,6.0916,17.8,20.0,17.68,18.55,1242410269.0,18.55,17.2
2026-05-28T11:05:33,2026-05-28 11:05:32,600719,大连热电,10.02,-1.2808,9.78,10.17,9.45,10.15,405384544.0,10.15,9.83
2026-05-28T11:05:33,2026-05-28 11:05:34,603919,金徽酒,20.92,-4.1686,21.08,21.35,20.71,21.83,236499003.0,20.83,19.25
2026-05-28T11:05:33,2026-05-28 11:05:34,600863,华能蒙电,7.18,7.0045,6.9,7.31,6.65,6.71,3001708859.0,6.1,5.39
2026-05-28T11:05:33,2026-05-28 11:05:33,603303,得邦照明,25.27,-3.1058,25.53,25.99,25.0,26.08,77155404.0,25.79,22.56
2026-05-28T11:10:35,2026-05-28 11:10:33,600021,上海电力,20.93,1.6513,20.59,21.45,19.9,20.59,2714983345.0,21.6,20.2
2026-05-28T11:10:35,2026-05-28 11:10:36,002181,粤传媒,15.38,2.5333,14.7,15.49,14.7,15.0,1119358495.73,15.0,13.17
2026-05-28T11:10:35,2026-05-28 11:10:36,000506,招金黄金,14.34,-3.629,14.75,14.83,14.22,14.88,319046658.66,14.88,14.0
2026-05-28T11:10:35,2026-05-28 11:10:36,003004,声迅股份,55.8,1.6208,54.83,56.29,53.8,54.91,156244605.28,54.91,49.76
2026-05-28T11:10:35,2026-05-28 11:10:35,603685,晨丰科技,35.32,-1.2304,35.38,36.31,33.81,35.76,188358501.0,35.76,32.56
2026-05-28T11:10:35,2026-05-28 11:10:33,600396,华电辽能,20.13,8.4006,19.5,20.21,18.18,18.57,4805908498.0,16.88,14.75
2026-05-28T11:10:35,2026-05-28 11:10:33,605006,山东玻纤,19.7,6.1995,17.8,20.0,17.68,18.55,1259774607.0,18.55,17.2
2026-05-28T11:10:35,2026-05-28 11:10:34,600719,大连热电,10.0,-1.4778,9.78,10.17,9.45,10.15,412785074.0,10.15,9.83
2026-05-28T11:10:35,2026-05-28 11:10:34,603919,金徽酒,20.92,-4.1686,21.08,21.35,20.71,21.83,238340958.0,20.83,19.25
2026-05-28T11:10:35,2026-05-28 11:10:34,600863,华能蒙电,7.19,7.1535,6.9,7.31,6.65,6.71,3020922655.0,6.1,5.39
2026-05-28T11:10:35,2026-05-28 11:10:33,603303,得邦照明,25.48,-2.3006,25.53,25.99,25.0,26.08,78799228.0,25.79,22.56
2026-05-28T11:15:36,2026-05-28 11:15:36,600021,上海电力,20.81,1.0685,20.59,21.45,19.9,20.59,2741447013.0,21.6,20.2
2026-05-28T11:15:36,2026-05-28 11:15:36,002181,粤传媒,15.33,2.2,14.7,15.49,14.7,15.0,1133125701.73,15.0,13.17
2026-05-28T11:15:36,2026-05-28 11:15:36,000506,招金黄金,14.32,-3.7634,14.75,14.83,14.22,14.88,322162222.66,14.88,14.0
2026-05-28T11:15:36,2026-05-28 11:15:36,003004,声迅股份,55.64,1.3294,54.83,56.29,53.8,54.91,159076159.28,54.91,49.76
2026-05-28T11:15:36,2026-05-28 11:15:38,603685,晨丰科技,35.29,-1.3143,35.38,36.31,33.81,35.76,189609311.0,35.76,32.56
2026-05-28T11:15:36,2026-05-28 11:15:36,600396,华电辽能,20.1,8.2391,19.5,20.21,18.18,18.57,4829133759.0,16.88,14.75
2026-05-28T11:15:36,2026-05-28 11:15:36,605006,山东玻纤,19.73,6.3612,17.8,20.0,17.68,18.55,1268495835.0,18.55,17.2
2026-05-28T11:15:36,2026-05-28 11:15:37,600719,大连热电,10.04,-1.0837,9.78,10.17,9.45,10.15,417623864.0,10.15,9.83
2026-05-28T11:15:36,2026-05-28 11:15:37,603919,金徽酒,20.82,-4.6267,21.08,21.35,20.71,21.83,243626303.0,20.83,19.25
2026-05-28T11:15:36,2026-05-28 11:15:37,600863,华能蒙电,7.15,6.5574,6.9,7.31,6.65,6.71,3043356356.0,6.1,5.39
2026-05-28T11:15:36,2026-05-28 11:15:36,603303,得邦照明,25.57,-1.9555,25.53,25.99,25.0,26.08,80048568.0,25.79,22.56
2026-05-28T11:20:40,2026-05-28 11:20:39,600021,上海电力,20.75,0.7771,20.59,21.45,19.9,20.59,2785356496.0,21.6,20.2
2026-05-28T11:20:40,2026-05-28 11:20:42,002181,粤传媒,15.29,1.9333,14.7,15.49,14.7,15.0,1147688441.73,15.0,13.17
2026-05-28T11:20:40,2026-05-28 11:20:42,000506,招金黄金,14.29,-3.9651,14.75,14.83,14.22,14.88,326654937.66,14.88,14.0
2026-05-28T11:20:40,2026-05-28 11:20:42,003004,声迅股份,55.38,0.8559,54.83,56.29,53.8,54.91,160912760.28,54.91,49.76
2026-05-28T11:20:40,2026-05-28 11:20:41,603685,晨丰科技,35.2,-1.566,35.38,36.31,33.81,35.76,191488581.0,35.76,32.56
2026-05-28T11:20:40,2026-05-28 11:20:39,600396,华电辽能,19.95,7.4313,19.5,20.21,18.18,18.57,4864731037.0,16.88,14.75
2026-05-28T11:20:40,2026-05-28 11:20:42,605006,山东玻纤,20.05,8.0863,17.8,20.06,17.68,18.55,1297778089.0,18.55,17.2
2026-05-28T11:20:40,2026-05-28 11:20:40,600719,大连热电,9.97,-1.7734,9.78,10.17,9.45,10.15,424445506.0,10.15,9.83
2026-05-28T11:20:40,2026-05-28 11:20:39,603919,金徽酒,20.79,-4.7641,21.08,21.35,20.71,21.83,254368527.0,20.83,19.25
2026-05-28T11:20:40,2026-05-28 11:20:40,600863,华能蒙电,7.12,6.1103,6.9,7.31,6.65,6.71,3079714590.0,6.1,5.39
2026-05-28T11:20:40,2026-05-28 11:20:39,603303,得邦照明,25.66,-1.6104,25.53,25.99,25.0,26.08,81433841.0,25.79,22.56
2026-05-28T11:25:43,2026-05-28 11:25:42,600021,上海电力,20.75,0.7771,20.59,21.45,19.9,20.59,2820182624.0,21.6,20.2
2026-05-28T11:25:43,2026-05-28 11:25:42,002181,粤传媒,15.35,2.3333,14.7,15.49,14.7,15.0,1156021582.73,15.0,13.17
2026-05-28T11:25:43,2026-05-28 11:25:42,000506,招金黄金,14.29,-3.9651,14.75,14.83,14.22,14.88,334348121.66,14.88,14.0
2026-05-28T11:25:43,2026-05-28 11:25:39,003004,声迅股份,55.74,1.5116,54.83,56.29,53.8,54.91,163691007.28,54.91,49.76
2026-05-28T11:25:43,2026-05-28 11:25:41,603685,晨丰科技,35.13,-1.7617,35.38,36.31,33.81,35.76,192796773.0,35.76,32.56
2026-05-28T11:25:43,2026-05-28 11:25:42,600396,华电辽能,19.91,7.2159,19.5,20.21,18.18,18.57,4930595061.0,16.88,14.75
2026-05-28T11:25:43,2026-05-28 11:25:42,605006,山东玻纤,20.12,8.4636,17.8,20.3,17.68,18.55,1334134343.0,18.55,17.2
2026-05-28T11:25:43,2026-05-28 11:25:40,600719,大连热电,9.96,-1.8719,9.78,10.17,9.45,10.15,429288786.0,10.15,9.83
2026-05-28T11:25:43,2026-05-28 11:25:43,603919,金徽酒,20.76,-4.9015,21.08,21.35,20.71,21.83,257872033.0,20.83,19.25
2026-05-28T11:25:43,2026-05-28 11:25:43,600863,华能蒙电,7.11,5.9613,6.9,7.31,6.65,6.71,3103891197.0,6.1,5.39
2026-05-28T11:25:43,2026-05-28 11:25:42,603303,得邦照明,25.8,-1.0736,25.53,25.99,25.0,26.08,83873219.0,25.79,22.56
2026-05-28T11:30:44,2026-05-28 11:30:00,600021,上海电力,20.8,1.0199,20.59,21.45,19.9,20.59,2836367436.0,21.6,20.2
2026-05-28T11:30:44,2026-05-28 11:30:00,002181,粤传媒,15.31,2.0667,14.7,15.49,14.7,15.0,1168284626.73,15.0,13.17
2026-05-28T11:30:44,2026-05-28 11:30:00,000506,招金黄金,14.31,-3.8306,14.75,14.83,14.22,14.88,337120717.66,14.88,14.0
2026-05-28T11:30:44,2026-05-28 11:30:00,003004,声迅股份,56.11,2.1854,54.83,56.29,53.8,54.91,166587620.28,54.91,49.76
2026-05-28T11:30:44,2026-05-28 11:30:00,603685,晨丰科技,35.02,-2.0694,35.38,36.31,33.81,35.76,195307787.0,35.76,32.56
2026-05-28T11:30:44,2026-05-28 11:30:00,600396,华电辽能,19.86,6.9467,19.5,20.21,18.18,18.57,4993799787.0,16.88,14.75
2026-05-28T11:30:44,2026-05-28 11:30:00,605006,山东玻纤,20.12,8.4636,17.8,20.3,17.68,18.55,1355277964.0,18.55,17.2
2026-05-28T11:30:44,2026-05-28 11:30:00,600719,大连热电,9.97,-1.7734,9.78,10.17,9.45,10.15,432386303.0,10.15,9.83
2026-05-28T11:30:44,2026-05-28 11:30:00,603919,金徽酒,20.77,-4.8557,21.08,21.35,20.69,21.83,272019187.0,20.83,19.25
2026-05-28T11:30:44,2026-05-28 11:30:00,600863,华能蒙电,7.14,6.4083,6.9,7.31,6.65,6.71,3115918136.0,6.1,5.39
2026-05-28T11:30:44,2026-05-28 11:30:00,603303,得邦照明,26.08,0.0,25.53,26.26,25.0,26.08,92086555.0,25.79,22.56
2026-05-28T13:00:12,2026-05-28 13:00:09,600021,上海电力,20.81,1.0685,20.59,21.45,19.9,20.59,2841694665.0,21.6,20.2
2026-05-28T13:00:12,2026-05-28 13:00:09,002181,粤传媒,15.32,2.1333,14.7,15.49,14.7,15.0,1170926936.73,15.0,13.17
2026-05-28T13:00:12,2026-05-28 13:00:09,000506,招金黄金,14.24,-4.3011,14.75,14.83,14.22,14.88,339602844.66,14.88,14.0
2026-05-28T13:00:12,2026-05-28 13:00:06,003004,声迅股份,56.11,2.1854,54.83,56.29,53.8,54.91,168130471.28,54.91,49.76
2026-05-28T13:00:12,2026-05-28 13:00:11,603685,晨丰科技,34.96,-2.2371,35.38,36.31,33.81,35.76,195675088.0,35.76,32.56
2026-05-28T13:00:12,2026-05-28 13:00:09,600396,华电辽能,19.88,7.0544,19.5,20.21,18.18,18.57,4998213106.0,16.88,14.75
2026-05-28T13:00:12,2026-05-28 13:00:09,605006,山东玻纤,20.1,8.3558,17.8,20.3,17.68,18.55,1360348236.0,18.55,17.2
2026-05-28T13:00:12,2026-05-28 13:00:10,600719,大连热电,9.98,-1.6749,9.78,10.17,9.45,10.15,433295285.0,10.15,9.83
2026-05-28T13:00:12,2026-05-28 13:00:10,603919,金徽酒,20.76,-4.9015,21.08,21.35,20.69,21.83,272473588.0,20.83,19.25
2026-05-28T13:00:12,2026-05-28 13:00:10,600863,华能蒙电,7.15,6.5574,6.9,7.31,6.65,6.71,3123062834.0,6.1,5.39
2026-05-28T13:00:12,2026-05-28 13:00:09,603303,得邦照明,26.08,0.0,25.53,26.26,25.0,26.08,92400568.0,25.79,22.56
2026-05-28T13:05:16,2026-05-28 13:05:12,600021,上海电力,20.62,0.1457,20.59,21.45,19.9,20.59,2908286945.0,21.6,20.2
2026-05-28T13:05:16,2026-05-28 13:05:12,002181,粤传媒,15.26,1.7333,14.7,15.49,14.7,15.0,1193320006.73,15.0,13.17
2026-05-28T13:05:16,2026-05-28 13:05:12,000506,招金黄金,14.19,-4.6371,14.75,14.83,14.12,14.88,359592078.66,14.88,14.0
2026-05-28T13:05:16,2026-05-28 13:05:12,003004,声迅股份,56.0,1.9851,54.83,56.29,53.8,54.91,174901257.28,54.91,49.76
2026-05-28T13:05:16,2026-05-28 13:05:14,603685,晨丰科技,34.8,-2.6846,35.38,36.31,33.81,35.76,199947957.0,35.76,32.56
2026-05-28T13:05:16,2026-05-28 13:05:12,600396,华电辽能,19.92,7.2698,19.5,20.21,18.18,18.57,5076436740.0,16.88,14.75
2026-05-28T13:05:16,2026-05-28 13:05:12,605006,山东玻纤,19.9,7.2776,17.8,20.3,17.68,18.55,1387090023.0,18.55,17.2
2026-05-28T13:05:16,2026-05-28 13:05:13,600719,大连热电,9.89,-2.5616,9.78,10.17,9.45,10.15,442160134.0,10.15,9.83
2026-05-28T13:05:16,2026-05-28 13:05:13,603919,金徽酒,20.9,-4.2602,21.08,21.35,20.64,21.83,280722687.0,20.83,19.25
2026-05-28T13:05:16,2026-05-28 13:05:13,600863,华能蒙电,7.14,6.4083,6.9,7.31,6.65,6.71,3158456552.0,6.1,5.39
2026-05-28T13:05:16,2026-05-28 13:05:12,603303,得邦照明,25.99,-0.3451,25.53,26.26,25.0,26.08,98543705.0,25.79,22.56
2026-05-28T13:10:18,2026-05-28 13:10:15,600021,上海电力,20.71,0.5828,20.59,21.45,19.9,20.59,2935419866.0,21.6,20.2
2026-05-28T13:10:18,2026-05-28 13:10:15,002181,粤传媒,15.46,3.0667,14.7,15.49,14.7,15.0,1213856127.17,15.0,13.17
2026-05-28T13:10:18,2026-05-28 13:10:15,000506,招金黄金,14.24,-4.3011,14.75,14.83,14.12,14.88,368217781.66,14.88,14.0
2026-05-28T13:10:18,2026-05-28 13:10:15,003004,声迅股份,55.75,1.5298,54.83,56.29,53.8,54.91,176279715.28,54.91,49.76
2026-05-28T13:10:18,2026-05-28 13:10:14,603685,晨丰科技,34.94,-2.2931,35.38,36.31,33.81,35.76,202828122.0,35.76,32.56
2026-05-28T13:10:18,2026-05-28 13:10:15,600396,华电辽能,19.81,6.6774,19.5,20.21,18.18,18.57,5106282691.0,16.88,14.75
2026-05-28T13:10:18,2026-05-28 13:10:15,605006,山东玻纤,19.89,7.2237,17.8,20.3,17.68,18.55,1397537275.0,18.55,17.2
2026-05-28T13:10:18,2026-05-28 13:10:14,600719,大连热电,9.87,-2.7586,9.78,10.17,9.45,10.15,448446929.0,10.15,9.83
2026-05-28T13:10:18,2026-05-28 13:10:16,603919,金徽酒,20.79,-4.7641,21.08,21.35,20.64,21.83,282849488.0,20.83,19.25
2026-05-28T13:10:18,2026-05-28 13:10:16,600863,华能蒙电,7.1,5.8122,6.9,7.31,6.65,6.71,3179838989.0,6.1,5.39
2026-05-28T13:10:18,2026-05-28 13:10:15,603303,得邦照明,26.07,-0.0383,25.53,26.26,25.0,26.08,100283291.0,25.79,22.56
2026-05-28T13:15:19,2026-05-28 13:15:18,600021,上海电力,20.56,-0.1457,20.59,21.45,19.9,20.59,2973201049.0,21.6,20.2
2026-05-28T13:15:19,2026-05-28 13:15:18,002181,粤传媒,15.56,3.7333,14.7,15.75,14.7,15.0,1297280757.17,15.0,13.17
2026-05-28T13:15:19,2026-05-28 13:15:18,000506,招金黄金,14.21,-4.5027,14.75,14.83,14.12,14.88,377508459.66,14.88,14.0
2026-05-28T13:15:19,2026-05-28 13:15:18,003004,声迅股份,55.36,0.8195,54.83,56.29,53.8,54.91,184160311.28,54.91,49.76
2026-05-28T13:15:19,2026-05-28 13:15:17,603685,晨丰科技,34.86,-2.5168,35.38,36.31,33.81,35.76,204132435.0,35.76,32.56
2026-05-28T13:15:19,2026-05-28 13:15:18,600396,华电辽能,19.73,6.2466,19.5,20.21,18.18,18.57,5134765571.0,16.88,14.75
2026-05-28T13:15:19,2026-05-28 13:15:18,605006,山东玻纤,19.89,7.2237,17.8,20.3,17.68,18.55,1410500399.0,18.55,17.2
2026-05-28T13:15:19,2026-05-28 13:15:17,600719,大连热电,9.86,-2.8571,9.78,10.17,9.45,10.15,454355076.0,10.15,9.83
2026-05-28T13:15:19,2026-05-28 13:15:19,603919,金徽酒,20.79,-4.7641,21.08,21.35,20.64,21.83,285900655.0,20.83,19.25
2026-05-28T13:15:19,2026-05-28 13:15:16,600863,华能蒙电,7.03,4.769,6.9,7.31,6.65,6.71,3251981860.0,6.1,5.39
2026-05-28T13:15:19,2026-05-28 13:15:15,603303,得邦照明,25.84,-0.9202,25.53,26.26,25.0,26.08,104106957.0,25.79,22.56
2026-05-28T13:20:48,2026-05-28 13:20:45,600021,上海电力,20.55,-0.1943,20.59,21.45,19.9,20.59,3013303665.0,21.6,20.2
2026-05-28T13:20:48,2026-05-28 13:20:45,002181,粤传媒,15.53,3.5333,14.7,15.75,14.7,15.0,1337792100.17,15.0,13.17
2026-05-28T13:20:48,2026-05-28 13:20:48,000506,招金黄金,14.2,-4.5699,14.75,14.83,14.12,14.88,385094099.66,14.88,14.0
2026-05-28T13:20:48,2026-05-28 13:20:42,003004,声迅股份,55.54,1.1473,54.83,56.29,53.8,54.91,185828375.28,54.91,49.76
2026-05-28T13:20:48,2026-05-28 13:20:47,603685,晨丰科技,34.88,-2.4609,35.38,36.31,33.81,35.76,205689853.0,35.76,32.56
2026-05-28T13:20:48,2026-05-28 13:20:45,600396,华电辽能,19.7,6.0851,19.5,20.21,18.18,18.57,5193783200.0,16.88,14.75
2026-05-28T13:20:48,2026-05-28 13:20:45,605006,山东玻纤,19.88,7.1698,17.8,20.3,17.68,18.55,1420335724.0,18.55,17.2
2026-05-28T13:20:48,2026-05-28 13:20:47,600719,大连热电,9.83,-3.1527,9.78,10.17,9.45,10.15,459064253.0,10.15,9.83
2026-05-28T13:20:48,2026-05-28 13:20:46,603919,金徽酒,20.81,-4.6725,21.08,21.35,20.64,21.83,287585483.0,20.83,19.25
2026-05-28T13:20:48,2026-05-28 13:20:46,600863,华能蒙电,7.01,4.4709,6.9,7.31,6.65,6.71,3293675687.0,6.1,5.39
2026-05-28T13:20:48,2026-05-28 13:20:45,603303,得邦照明,25.85,-0.8819,25.53,26.26,25.0,26.08,105351370.0,25.79,22.56
2026-05-28T13:25:50,2026-05-28 13:25:48,600021,上海电力,20.47,-0.5828,20.59,21.45,19.9,20.59,3042672026.0,21.6,20.2
2026-05-28T13:25:50,2026-05-28 13:25:48,002181,粤传媒,15.54,3.6,14.7,15.75,14.7,15.0,1354035412.11,15.0,13.17
2026-05-28T13:25:50,2026-05-28 13:25:48,000506,招金黄金,14.23,-4.3683,14.75,14.83,14.12,14.88,390533560.66,14.88,14.0
2026-05-28T13:25:50,2026-05-28 13:25:48,003004,声迅股份,55.6,1.2566,54.83,56.29,53.8,54.91,187017998.28,54.91,49.76
2026-05-28T13:25:50,2026-05-28 13:25:47,603685,晨丰科技,34.61,-3.2159,35.38,36.31,33.81,35.76,208416566.0,35.76,32.56
2026-05-28T13:25:50,2026-05-28 13:25:49,600396,华电辽能,19.65,5.8158,19.5,20.21,18.18,18.57,5225522526.0,16.88,14.75
2026-05-28T13:25:50,2026-05-28 13:25:48,605006,山东玻纤,19.95,7.5472,17.8,20.3,17.68,18.55,1428562064.0,18.55,17.2
2026-05-28T13:25:50,2026-05-28 13:25:46,600719,大连热电,9.81,-3.3498,9.78,10.17,9.45,10.15,469960729.0,10.15,9.83
2026-05-28T13:25:50,2026-05-28 13:25:49,603919,金徽酒,20.76,-4.9015,21.08,21.35,20.64,21.83,290842802.0,20.83,19.25
2026-05-28T13:25:50,2026-05-28 13:25:46,600863,华能蒙电,7.05,5.0671,6.9,7.31,6.65,6.71,3316447339.0,6.1,5.39
2026-05-28T13:25:50,2026-05-28 13:25:48,603303,得邦照明,25.88,-0.7669,25.53,26.26,25.0,26.08,106913751.0,25.79,22.56
2026-05-28T13:30:17,2026-05-28 13:30:15,600021,上海电力,20.47,-0.5828,20.59,21.45,19.9,20.59,3070627609.0,21.6,20.2
2026-05-28T13:30:17,2026-05-28 13:30:15,002181,粤传媒,15.52,3.4667,14.7,15.75,14.7,15.0,1365920870.11,15.0,13.17
2026-05-28T13:30:17,2026-05-28 13:30:15,000506,招金黄金,14.29,-3.9651,14.75,14.83,14.12,14.88,394828024.66,14.88,14.0
2026-05-28T13:30:17,2026-05-28 13:30:15,003004,声迅股份,55.75,1.5298,54.83,56.29,53.8,54.91,190133336.28,54.91,49.76
2026-05-28T13:30:17,2026-05-28 13:30:14,603685,晨丰科技,34.62,-3.1879,35.38,36.31,33.81,35.76,210456291.0,35.76,32.56
2026-05-28T13:30:17,2026-05-28 13:30:15,600396,华电辽能,19.65,5.8158,19.5,20.21,18.18,18.57,5280531558.0,16.88,14.75
2026-05-28T13:30:17,2026-05-28 13:30:15,605006,山东玻纤,20.0,7.8167,17.8,20.3,17.68,18.55,1441034203.0,18.55,17.2
2026-05-28T13:30:17,2026-05-28 13:30:13,600719,大连热电,9.79,-3.5468,9.78,10.17,9.45,10.15,476132696.0,10.15,9.83
2026-05-28T13:30:17,2026-05-28 13:30:16,603919,金徽酒,20.8,-4.7183,21.08,21.35,20.64,21.83,294744033.0,20.83,19.25
2026-05-28T13:30:17,2026-05-28 13:30:13,600863,华能蒙电,7.05,5.0671,6.9,7.31,6.65,6.71,3334428556.0,6.1,5.39
2026-05-28T13:30:17,2026-05-28 13:30:15,603303,得邦照明,25.93,-0.5752,25.53,26.26,25.0,26.08,109390401.0,25.79,22.56
2026-05-28T13:35:45,2026-05-28 13:35:42,600021,上海电力,20.56,-0.1457,20.59,21.45,19.9,20.59,3120410550.0,21.6,20.2
2026-05-28T13:35:45,2026-05-28 13:35:42,002181,粤传媒,15.65,4.3333,14.7,15.75,14.7,15.0,1385778011.11,15.0,13.17
2026-05-28T13:35:45,2026-05-28 13:35:42,000506,招金黄金,14.32,-3.7634,14.75,14.83,14.12,14.88,401145272.66,14.88,14.0
2026-05-28T13:35:45,2026-05-28 13:35:42,003004,声迅股份,55.92,1.8394,54.83,56.29,53.8,54.91,192248646.28,54.91,49.76
2026-05-28T13:35:45,2026-05-28 13:35:41,603685,晨丰科技,34.82,-2.6286,35.38,36.31,33.81,35.76,213711888.0,35.76,32.56
2026-05-28T13:35:45,2026-05-28 13:35:42,600396,华电辽能,19.66,5.8697,19.5,20.21,18.18,18.57,5310232583.0,16.88,14.75
2026-05-28T13:35:45,2026-05-28 13:35:42,605006,山东玻纤,20.1,8.3558,17.8,20.3,17.68,18.55,1448895650.0,18.55,17.2
2026-05-28T13:35:45,2026-05-28 13:35:43,600719,大连热电,9.74,-4.0394,9.78,10.17,9.45,10.15,485754465.0,10.15,9.83
2026-05-28T13:35:45,2026-05-28 13:35:43,603919,金徽酒,20.83,-4.5809,21.08,21.35,20.64,21.83,297591054.0,20.83,19.25
2026-05-28T13:35:45,2026-05-28 13:35:43,600863,华能蒙电,7.01,4.4709,6.9,7.31,6.65,6.71,3359222434.0,6.1,5.39
2026-05-28T13:35:45,2026-05-28 13:35:42,603303,得邦照明,26.04,-0.1534,25.53,26.26,25.0,26.08,110328131.0,25.79,22.56
2026-05-28T13:40:46,2026-05-28 13:40:42,600021,上海电力,20.59,0.0,20.59,21.45,19.9,20.59,3152028022.0,21.6,20.2
2026-05-28T13:40:46,2026-05-28 13:40:45,002181,粤传媒,15.56,3.7333,14.7,15.75,14.7,15.0,1400840565.11,15.0,13.17
2026-05-28T13:40:46,2026-05-28 13:40:45,000506,招金黄金,14.34,-3.629,14.75,14.83,14.12,14.88,407257966.66,14.88,14.0
2026-05-28T13:40:46,2026-05-28 13:40:42,003004,声迅股份,56.0,1.9851,54.83,56.29,53.8,54.91,197630636.28,54.91,49.76
2026-05-28T13:40:46,2026-05-28 13:40:44,603685,晨丰科技,34.85,-2.5447,35.38,36.31,33.81,35.76,215661784.0,35.76,32.56
2026-05-28T13:40:46,2026-05-28 13:40:42,600396,华电辽能,19.67,5.9235,19.5,20.21,18.18,18.57,5337579844.0,16.88,14.75
2026-05-28T13:40:46,2026-05-28 13:40:42,605006,山东玻纤,20.03,7.9784,17.8,20.3,17.68,18.55,1455948437.0,18.55,17.2
2026-05-28T13:40:46,2026-05-28 13:40:44,600719,大连热电,9.73,-4.1379,9.78,10.17,9.45,10.15,494087559.0,10.15,9.83
2026-05-28T13:40:46,2026-05-28 13:40:43,603919,金徽酒,20.82,-4.6267,21.08,21.35,20.64,21.83,299368446.0,20.83,19.25
2026-05-28T13:40:46,2026-05-28 13:40:43,600863,华能蒙电,7.0,4.3219,6.9,7.31,6.65,6.71,3391924475.0,6.1,5.39
2026-05-28T13:40:46,2026-05-28 13:40:42,603303,得邦照明,26.01,-0.2684,25.53,26.26,25.0,26.08,111288160.0,25.79,22.56
2026-05-28T13:45:48,2026-05-28 13:45:45,600021,上海电力,20.69,0.4857,20.59,21.45,19.9,20.59,3179575165.0,21.6,20.2
2026-05-28T13:45:48,2026-05-28 13:45:45,002181,粤传媒,15.6,4.0,14.7,15.75,14.7,15.0,1412270223.11,15.0,13.17
2026-05-28T13:45:48,2026-05-28 13:45:45,000506,招金黄金,14.41,-3.1586,14.75,14.83,14.12,14.88,415683432.66,14.88,14.0
2026-05-28T13:45:48,2026-05-28 13:45:45,003004,声迅股份,56.79,3.4238,54.83,57.22,53.8,54.91,206044423.28,54.91,49.76
2026-05-28T13:45:48,2026-05-28 13:45:47,603685,晨丰科技,34.93,-2.321,35.38,36.31,33.81,35.76,217119395.0,35.76,32.56
2026-05-28T13:45:48,2026-05-28 13:45:45,600396,华电辽能,19.4,4.4696,19.5,20.21,18.18,18.57,5421351266.0,16.88,14.75
2026-05-28T13:45:48,2026-05-28 13:45:45,605006,山东玻纤,19.96,7.6011,17.8,20.3,17.68,18.55,1464194681.0,18.55,17.2
2026-05-28T13:45:48,2026-05-28 13:45:47,600719,大连热电,9.8,-3.4483,9.78,10.17,9.45,10.15,500299563.0,10.15,9.83
2026-05-28T13:45:48,2026-05-28 13:45:46,603919,金徽酒,20.8,-4.7183,21.08,21.35,20.64,21.83,302375947.0,20.83,19.25
2026-05-28T13:45:48,2026-05-28 13:45:46,600863,华能蒙电,6.9,2.8316,6.9,7.31,6.65,6.71,3455346141.0,6.1,5.39
2026-05-28T13:45:48,2026-05-28 13:45:45,603303,得邦照明,26.03,-0.1917,25.53,26.26,25.0,26.08,112574253.0,25.79,22.56
2026-05-28T13:50:52,2026-05-28 13:50:48,600021,上海电力,20.58,-0.0486,20.59,21.45,19.9,20.59,3216786674.0,21.6,20.2
2026-05-28T13:50:52,2026-05-28 13:50:48,002181,粤传媒,15.61,4.0667,14.7,15.75,14.7,15.0,1423639512.07,15.0,13.17
2026-05-28T13:50:52,2026-05-28 13:50:48,000506,招金黄金,14.41,-3.1586,14.75,14.83,14.12,14.88,423885565.66,14.88,14.0
2026-05-28T13:50:52,2026-05-28 13:50:48,003004,声迅股份,56.48,2.8592,54.83,57.22,53.8,54.91,210147224.28,54.91,49.76
2026-05-28T13:50:52,2026-05-28 13:50:50,603685,晨丰科技,34.8,-2.6846,35.38,36.31,33.81,35.76,220044725.0,35.76,32.56
2026-05-28T13:50:52,2026-05-28 13:50:48,600396,华电辽能,19.49,4.9542,19.5,20.21,18.18,18.57,5567651363.0,16.88,14.75
2026-05-28T13:50:52,2026-05-28 13:50:48,605006,山东玻纤,20.08,8.248,17.8,20.3,17.68,18.55,1483813974.0,18.55,17.2
2026-05-28T13:50:52,2026-05-28 13:50:50,600719,大连热电,9.72,-4.2365,9.78,10.17,9.45,10.15,507931956.0,10.15,9.83
2026-05-28T13:50:52,2026-05-28 13:50:49,603919,金徽酒,20.8,-4.7183,21.08,21.35,20.64,21.83,305463272.0,20.83,19.25
2026-05-28T13:50:52,2026-05-28 13:50:49,600863,华能蒙电,6.8,1.3413,6.9,7.31,6.65,6.71,3526781061.0,6.1,5.39
2026-05-28T13:50:52,2026-05-28 13:50:48,603303,得邦照明,26.1,0.0767,25.53,26.26,25.0,26.08,115519950.0,25.79,22.56
2026-05-28T13:55:53,2026-05-28 13:55:51,600021,上海电力,20.57,-0.0971,20.59,21.45,19.9,20.59,3265390025.0,21.6,20.2
2026-05-28T13:55:53,2026-05-28 13:55:51,002181,粤传媒,15.55,3.6667,14.7,15.75,14.7,15.0,1435559434.95,15.0,13.17
2026-05-28T13:55:53,2026-05-28 13:55:48,000506,招金黄金,14.38,-3.3602,14.75,14.83,14.12,14.88,428500863.66,14.88,14.0
2026-05-28T13:55:53,2026-05-28 13:55:51,003004,声迅股份,56.82,3.4784,54.83,57.22,53.8,54.91,214313427.28,54.91,49.76
2026-05-28T13:55:53,2026-05-28 13:55:53,603685,晨丰科技,34.62,-3.1879,35.38,36.31,33.81,35.76,222876354.0,35.76,32.56
2026-05-28T13:55:53,2026-05-28 13:55:51,600396,华电辽能,19.7,6.0851,19.5,20.21,18.18,18.57,5620287110.0,16.88,14.75
2026-05-28T13:55:53,2026-05-28 13:55:51,605006,山东玻纤,20.11,8.4097,17.8,20.3,17.68,18.55,1492277483.0,18.55,17.2
2026-05-28T13:55:53,2026-05-28 13:55:52,600719,大连热电,9.74,-4.0394,9.78,10.17,9.45,10.15,515301361.0,10.15,9.83
2026-05-28T13:55:53,2026-05-28 13:55:52,603919,金徽酒,20.84,-4.535,21.08,21.35,20.64,21.83,310740898.0,20.83,19.25
2026-05-28T13:55:53,2026-05-28 13:55:52,600863,华能蒙电,6.87,2.3845,6.9,7.31,6.65,6.71,3587937666.0,6.1,5.39
2026-05-28T13:55:53,2026-05-28 13:55:51,603303,得邦照明,26.29,0.8052,25.53,26.54,25.0,26.08,128890958.0,25.79,22.56
2026-05-28T14:00:55,2026-05-28 14:00:51,600021,上海电力,20.73,0.6799,20.59,21.45,19.9,20.59,3294319393.0,21.6,20.2
2026-05-28T14:00:55,2026-05-28 14:00:54,002181,粤传媒,15.6,4.0,14.7,15.75,14.7,15.0,1446291690.19,15.0,13.17
2026-05-28T14:00:55,2026-05-28 14:00:54,000506,招金黄金,14.41,-3.1586,14.75,14.83,14.12,14.88,433421883.82,14.88,14.0
2026-05-28T14:00:55,2026-05-28 14:00:54,003004,声迅股份,56.81,3.4602,54.83,57.22,53.8,54.91,216918179.28,54.91,49.76
2026-05-28T14:00:55,2026-05-28 14:00:53,603685,晨丰科技,34.55,-3.3837,35.38,36.31,33.81,35.76,227655725.0,35.76,32.56
2026-05-28T14:00:55,2026-05-28 14:00:51,600396,华电辽能,19.78,6.5159,19.5,20.21,18.18,18.57,5654891648.0,16.88,14.75
2026-05-28T14:00:55,2026-05-28 14:00:54,605006,山东玻纤,20.04,8.0323,17.8,20.3,17.68,18.55,1499321755.0,18.55,17.2
2026-05-28T14:00:55,2026-05-28 14:00:52,600719,大连热电,9.79,-3.5468,9.78,10.17,9.45,10.15,519036573.0,10.15,9.83
2026-05-28T14:00:55,2026-05-28 14:00:52,603919,金徽酒,20.85,-4.4892,21.08,21.35,20.64,21.83,313431610.0,20.83,19.25
2026-05-28T14:00:55,2026-05-28 14:00:52,600863,华能蒙电,6.94,3.4277,6.9,7.31,6.65,6.71,3624612076.0,6.1,5.39
2026-05-28T14:00:55,2026-05-28 14:00:54,603303,得邦照明,26.46,1.4571,25.53,26.6,25.0,26.08,136138624.0,25.79,22.56
2026-05-28T14:05:59,2026-05-28 14:05:57,600021,上海电力,20.7,0.5342,20.59,21.45,19.9,20.59,3326685873.0,21.6,20.2
2026-05-28T14:05:59,2026-05-28 14:05:57,002181,粤传媒,15.6,4.0,14.7,15.75,14.7,15.0,1455532380.6,15.0,13.17
2026-05-28T14:05:59,2026-05-28 14:05:57,000506,招金黄金,14.39,-3.293,14.75,14.83,14.12,14.88,440862474.82,14.88,14.0
2026-05-28T14:05:59,2026-05-28 14:05:57,003004,声迅股份,56.5,2.8956,54.83,57.22,53.8,54.91,218434293.28,54.91,49.76
2026-05-28T14:05:59,2026-05-28 14:05:56,603685,晨丰科技,34.47,-3.6074,35.38,36.31,33.81,35.76,234349961.0,35.76,32.56
2026-05-28T14:05:59,2026-05-28 14:05:57,600396,华电辽能,19.7,6.0851,19.5,20.21,18.18,18.57,5700429040.0,16.88,14.75
2026-05-28T14:05:59,2026-05-28 14:05:57,605006,山东玻纤,20.0,7.8167,17.8,20.3,17.68,18.55,1507950562.0,18.55,17.2
2026-05-28T14:05:59,2026-05-28 14:05:56,600719,大连热电,9.76,-3.8424,9.78,10.17,9.45,10.15,523502069.0,10.15,9.83
2026-05-28T14:05:59,2026-05-28 14:05:58,603919,金徽酒,20.8,-4.7183,21.08,21.35,20.64,21.83,315872362.0,20.83,19.25
2026-05-28T14:05:59,2026-05-28 14:05:55,600863,华能蒙电,6.91,2.9806,6.9,7.31,6.65,6.71,3652167597.0,6.1,5.39
2026-05-28T14:05:59,2026-05-28 14:05:57,603303,得邦照明,26.32,0.9202,25.53,26.6,25.0,26.08,139826180.0,25.79,22.56
2026-05-28T14:10:00,2026-05-28 14:09:57,600021,上海电力,20.77,0.8742,20.59,21.45,19.9,20.59,3351640538.0,21.6,20.2
2026-05-28T14:10:00,2026-05-28 14:09:57,002181,粤传媒,15.87,5.8,14.7,15.88,14.7,15.0,1500518034.6,15.0,13.17
2026-05-28T14:10:00,2026-05-28 14:10:00,000506,招金黄金,14.43,-3.0242,14.75,14.83,14.12,14.88,448256121.35,14.88,14.0
2026-05-28T14:10:00,2026-05-28 14:09:57,003004,声迅股份,56.51,2.9139,54.83,57.22,53.8,54.91,223103775.28,54.91,49.76
2026-05-28T14:10:00,2026-05-28 14:09:59,603685,晨丰科技,34.39,-3.8311,35.38,36.31,33.81,35.76,237078292.0,35.76,32.56
2026-05-28T14:10:00,2026-05-28 14:09:57,600396,华电辽能,19.75,6.3543,19.5,20.21,18.18,18.57,5722886510.0,16.88,14.75
2026-05-28T14:10:00,2026-05-28 14:09:57,605006,山东玻纤,19.83,6.9003,17.8,20.3,17.68,18.55,1515986122.0,18.55,17.2
2026-05-28T14:10:00,2026-05-28 14:09:58,600719,大连热电,9.76,-3.8424,9.78,10.17,9.45,10.15,527452477.0,10.15,9.83
2026-05-28T14:10:00,2026-05-28 14:09:58,603919,金徽酒,20.78,-4.8099,21.08,21.35,20.64,21.83,319788817.0,20.83,19.25
2026-05-28T14:10:00,2026-05-28 14:09:58,600863,华能蒙电,6.92,3.1297,6.9,7.31,6.65,6.71,3665876564.0,6.1,5.39
2026-05-28T14:10:00,2026-05-28 14:09:57,603303,得邦照明,26.31,0.8819,25.53,26.6,25.0,26.08,141044729.0,25.79,22.56
2026-05-28T14:15:03,2026-05-28 14:14:57,600021,上海电力,20.72,0.6314,20.59,21.45,19.9,20.59,3379203906.0,21.6,20.2
2026-05-28T14:15:03,2026-05-28 14:15:00,002181,粤传媒,16.05,7.0,14.7,16.28,14.7,15.0,1609064081.65,15.0,13.17
2026-05-28T14:15:03,2026-05-28 14:15:00,000506,招金黄金,14.38,-3.3602,14.75,14.83,14.12,14.88,455697586.35,14.88,14.0
2026-05-28T14:15:03,2026-05-28 14:15:00,003004,声迅股份,56.65,3.1688,54.83,57.22,53.8,54.91,226557038.28,54.91,49.76
2026-05-28T14:15:03,2026-05-28 14:14:59,603685,晨丰科技,34.28,-4.1387,35.38,36.31,33.81,35.76,241558416.0,35.76,32.56
2026-05-28T14:15:03,2026-05-28 14:14:57,600396,华电辽能,19.63,5.7081,19.5,20.21,18.18,18.57,5746712143.0,16.88,14.75
2026-05-28T14:15:03,2026-05-28 14:15:00,605006,山东玻纤,19.96,7.6011,17.8,20.3,17.68,18.55,1528298883.0,18.55,17.2
2026-05-28T14:15:03,2026-05-28 14:14:58,600719,大连热电,9.71,-4.335,9.78,10.17,9.45,10.15,533266120.0,10.15,9.83
2026-05-28T14:15:03,2026-05-28 14:14:58,603919,金徽酒,20.71,-5.1306,21.08,21.35,20.64,21.83,328885845.0,20.83,19.25
2026-05-28T14:15:03,2026-05-28 14:14:58,600863,华能蒙电,6.86,2.2355,6.9,7.31,6.65,6.71,3697245880.0,6.1,5.39
2026-05-28T14:15:03,2026-05-28 14:15:00,603303,得邦照明,26.32,0.9202,25.53,26.6,25.0,26.08,144245022.0,25.79,22.56
2026-05-28T14:20:56,2026-05-28 14:20:54,600021,上海电力,20.75,0.7771,20.59,21.45,19.9,20.59,3410281844.0,21.6,20.2
2026-05-28T14:20:56,2026-05-28 14:20:54,002181,粤传媒,16.16,7.7333,14.7,16.28,14.7,15.0,1671372871.85,15.0,13.17
2026-05-28T14:20:56,2026-05-28 14:20:54,000506,招金黄金,14.36,-3.4946,14.75,14.83,14.12,14.88,460199751.35,14.88,14.0
2026-05-28T14:20:56,2026-05-28 14:20:54,003004,声迅股份,56.4,2.7135,54.83,57.22,53.8,54.91,228782527.28,54.91,49.76
2026-05-28T14:20:56,2026-05-28 14:20:53,603685,晨丰科技,34.2,-4.3624,35.38,36.31,33.81,35.76,247158686.0,35.76,32.56
2026-05-28T14:20:56,2026-05-28 14:20:54,600396,华电辽能,19.7,6.0851,19.5,20.21,18.18,18.57,5774822855.0,16.88,14.75
2026-05-28T14:20:56,2026-05-28 14:20:54,605006,山东玻纤,20.1,8.3558,17.8,20.3,17.68,18.55,1544142250.0,18.55,17.2
2026-05-28T14:20:56,2026-05-28 14:20:52,600719,大连热电,9.72,-4.2365,9.78,10.17,9.45,10.15,539619252.0,10.15,9.83
2026-05-28T14:20:56,2026-05-28 14:20:55,603919,金徽酒,20.7,-5.1764,21.08,21.35,20.64,21.83,334738502.0,20.83,19.25
2026-05-28T14:20:56,2026-05-28 14:20:52,600863,华能蒙电,6.83,1.7884,6.9,7.31,6.65,6.71,3777373241.0,6.1,5.39
2026-05-28T14:20:56,2026-05-28 14:20:54,603303,得邦照明,26.31,0.8819,25.53,26.6,25.0,26.08,148278154.0,25.79,22.56
2026-05-28T14:25:57,2026-05-28 14:25:54,600021,上海电力,20.72,0.6314,20.59,21.45,19.9,20.59,3437937698.0,21.6,20.2
2026-05-28T14:25:57,2026-05-28 14:25:54,002181,粤传媒,16.11,7.4,14.7,16.28,14.7,15.0,1706822478.53,15.0,13.17
2026-05-28T14:25:57,2026-05-28 14:25:54,000506,招金黄金,14.34,-3.629,14.75,14.83,14.12,14.88,464103678.35,14.88,14.0
2026-05-28T14:25:57,2026-05-28 14:25:54,003004,声迅股份,56.42,2.75,54.83,57.22,53.8,54.91,231135148.28,54.91,49.76
2026-05-28T14:25:57,2026-05-28 14:25:56,603685,晨丰科技,34.19,-4.3904,35.38,36.31,33.81,35.76,251355899.0,35.76,32.56
2026-05-28T14:25:57,2026-05-28 14:25:54,600396,华电辽能,19.61,5.6004,19.5,20.21,18.18,18.57,5807345793.0,16.88,14.75
2026-05-28T14:25:57,2026-05-28 14:25:54,605006,山东玻纤,20.11,8.4097,17.8,20.3,17.68,18.55,1555931515.0,18.55,17.2
2026-05-28T14:25:57,2026-05-28 14:25:56,600719,大连热电,9.72,-4.2365,9.78,10.17,9.45,10.15,544134240.0,10.15,9.83
2026-05-28T14:25:57,2026-05-28 14:25:54,603919,金徽酒,20.73,-5.0389,21.08,21.35,20.64,21.83,337765516.0,20.83,19.25
2026-05-28T14:25:57,2026-05-28 14:25:55,600863,华能蒙电,6.78,1.0432,6.9,7.31,6.65,6.71,3830482595.0,6.1,5.39
2026-05-28T14:25:57,2026-05-28 14:25:54,603303,得邦照明,26.26,0.6902,25.53,26.6,25.0,26.08,150766485.0,25.79,22.56
2026-05-28T14:30:59,2026-05-28 14:30:57,600021,上海电力,20.73,0.6799,20.59,21.45,19.9,20.59,3468395669.0,21.6,20.2
2026-05-28T14:30:59,2026-05-28 14:30:57,002181,粤传媒,15.98,6.5333,14.7,16.28,14.7,15.0,1728839839.53,15.0,13.17
2026-05-28T14:30:59,2026-05-28 14:30:57,000506,招金黄金,14.37,-3.4274,14.75,14.83,14.12,14.88,468715858.35,14.88,14.0
2026-05-28T14:30:59,2026-05-28 14:30:57,003004,声迅股份,56.58,3.0413,54.83,57.22,53.8,54.91,232633900.28,54.91,49.76
2026-05-28T14:30:59,2026-05-28 14:30:56,603685,晨丰科技,34.11,-4.6141,35.38,36.31,33.81,35.76,255271500.0,35.76,32.56
2026-05-28T14:30:59,2026-05-28 14:30:57,600396,华电辽能,19.6,5.5466,19.5,20.21,18.18,18.57,5869162055.0,16.88,14.75
2026-05-28T14:30:59,2026-05-28 14:30:57,605006,山东玻纤,20.08,8.248,17.8,20.3,17.68,18.55,1564431696.0,18.55,17.2
2026-05-28T14:30:59,2026-05-28 14:30:55,600719,大连热电,9.7,-4.4335,9.78,10.17,9.45,10.15,555206777.0,10.15,9.83
2026-05-28T14:30:59,2026-05-28 14:30:57,603919,金徽酒,20.67,-5.3138,21.08,21.35,20.64,21.83,343950471.0,20.83,19.25
2026-05-28T14:30:59,2026-05-28 14:30:55,600863,华能蒙电,6.73,0.2981,6.9,7.31,6.65,6.71,3914354104.0,6.1,5.39
2026-05-28T14:30:59,2026-05-28 14:30:57,603303,得邦照明,26.32,0.9202,25.53,26.6,25.0,26.08,155740024.0,25.79,22.56
2026-05-28T14:35:26,2026-05-28 14:35:24,600021,上海电力,20.75,0.7771,20.59,21.45,19.9,20.59,3496691401.0,21.6,20.2
2026-05-28T14:35:26,2026-05-28 14:35:24,002181,粤传媒,16.02,6.8,14.7,16.28,14.7,15.0,1746135192.41,15.0,13.17
2026-05-28T14:35:26,2026-05-28 14:35:24,000506,招金黄金,14.38,-3.3602,14.75,14.83,14.12,14.88,471593305.35,14.88,14.0
2026-05-28T14:35:26,2026-05-28 14:35:24,003004,声迅股份,56.34,2.6043,54.83,57.22,53.8,54.91,234393678.28,54.91,49.76
2026-05-28T14:35:26,2026-05-28 14:35:26,603685,晨丰科技,34.14,-4.5302,35.38,36.31,33.81,35.76,258254662.0,35.76,32.56
2026-05-28T14:35:26,2026-05-28 14:35:24,600396,华电辽能,19.66,5.8697,19.5,20.21,18.18,18.57,5907035783.0,16.88,14.75
2026-05-28T14:35:26,2026-05-28 14:35:24,605006,山东玻纤,20.03,7.9784,17.8,20.3,17.68,18.55,1575805013.0,18.55,17.2
2026-05-28T14:35:26,2026-05-28 14:35:25,600719,大连热电,9.7,-4.4335,9.78,10.17,9.45,10.15,576564179.0,10.15,9.83
2026-05-28T14:35:26,2026-05-28 14:35:25,603919,金徽酒,20.68,-5.268,21.08,21.35,20.6,21.83,357847549.0,20.83,19.25
2026-05-28T14:35:26,2026-05-28 14:35:25,600863,华能蒙电,6.72,0.149,6.9,7.31,6.65,6.71,3954536217.0,6.1,5.39
2026-05-28T14:35:26,2026-05-28 14:35:24,603303,得邦照明,26.3,0.8436,25.53,26.6,25.0,26.08,158907444.0,25.79,22.56
2026-05-28T14:40:28,2026-05-28 14:40:24,600021,上海电力,20.72,0.6314,20.59,21.45,19.9,20.59,3550063287.0,21.6,20.2
2026-05-28T14:40:28,2026-05-28 14:40:27,002181,粤传媒,15.98,6.5333,14.7,16.28,14.7,15.0,1766955275.11,15.0,13.17
2026-05-28T14:40:28,2026-05-28 14:40:27,000506,招金黄金,14.37,-3.4274,14.75,14.83,14.12,14.88,478182829.35,14.88,14.0
2026-05-28T14:40:28,2026-05-28 14:40:24,003004,声迅股份,56.33,2.586,54.83,57.22,53.8,54.91,237622361.38,54.91,49.76
2026-05-28T14:40:28,2026-05-28 14:40:26,603685,晨丰科技,34.5,-3.5235,35.38,36.31,33.81,35.76,266969371.0,35.76,32.56
2026-05-28T14:40:28,2026-05-28 14:40:24,600396,华电辽能,19.51,5.0619,19.5,20.21,18.18,18.57,5961120790.0,16.88,14.75
2026-05-28T14:40:28,2026-05-28 14:40:24,605006,山东玻纤,20.07,8.1941,17.8,20.3,17.68,18.55,1588165563.0,18.55,17.2
2026-05-28T14:40:28,2026-05-28 14:40:25,600719,大连热电,9.64,-5.0246,9.78,10.17,9.45,10.15,586445173.0,10.15,9.83
2026-05-28T14:40:28,2026-05-28 14:40:25,603919,金徽酒,20.55,-5.8635,21.08,21.35,20.45,21.83,386145644.0,20.83,19.25
2026-05-28T14:40:28,2026-05-28 14:40:25,600863,华能蒙电,6.71,0.0,6.9,7.31,6.65,6.71,4019311304.0,6.1,5.39
2026-05-28T14:40:28,2026-05-28 14:40:24,603303,得邦照明,26.19,0.4218,25.53,26.6,25.0,26.08,163690573.0,25.79,22.56
2026-05-28T14:45:29,2026-05-28 14:45:27,600021,上海电力,20.99,1.9427,20.59,21.45,19.9,20.59,3645341675.0,21.6,20.2
2026-05-28T14:45:29,2026-05-28 14:45:27,002181,粤传媒,15.82,5.4667,14.7,16.28,14.7,15.0,1796187243.11,15.0,13.17
2026-05-28T14:45:29,2026-05-28 14:45:27,000506,招金黄金,14.35,-3.5618,14.75,14.83,14.12,14.88,482773722.35,14.88,14.0
2026-05-28T14:45:29,2026-05-28 14:45:27,003004,声迅股份,56.31,2.5496,54.83,57.22,53.8,54.91,241666172.51,54.91,49.76
2026-05-28T14:45:29,2026-05-28 14:45:26,603685,晨丰科技,34.59,-3.2718,35.38,36.31,33.81,35.76,272718365.0,35.76,32.56
2026-05-28T14:45:29,2026-05-28 14:45:27,600396,华电辽能,19.46,4.7927,19.5,20.21,18.18,18.57,6047977680.0,16.88,14.75
2026-05-28T14:45:29,2026-05-28 14:45:27,605006,山东玻纤,20.09,8.3019,17.8,20.3,17.68,18.55,1608353316.0,18.55,17.2
2026-05-28T14:45:29,2026-05-28 14:45:25,600719,大连热电,9.59,-5.5172,9.78,10.17,9.45,10.15,602123141.0,10.15,9.83
2026-05-28T14:45:29,2026-05-28 14:45:28,603919,金徽酒,20.5,-6.0925,21.08,21.35,20.43,21.83,400297943.0,20.83,19.25
2026-05-28T14:45:29,2026-05-28 14:45:25,600863,华能蒙电,6.71,0.0,6.9,7.31,6.56,6.71,4173666445.0,6.1,5.39
2026-05-28T14:45:29,2026-05-28 14:45:27,603303,得邦照明,26.09,0.0383,25.53,26.6,25.0,26.08,169484158.0,25.79,22.56
2026-05-28T14:50:57,2026-05-28 14:50:54,600021,上海电力,20.92,1.6027,20.59,21.45,19.9,20.59,3761729809.0,21.6,20.2
2026-05-28T14:50:57,2026-05-28 14:50:54,002181,粤传媒,15.82,5.4667,14.7,16.28,14.7,15.0,1853079119.03,15.0,13.17
2026-05-28T14:50:57,2026-05-28 14:50:54,000506,招金黄金,14.36,-3.4946,14.75,14.83,14.12,14.88,491082719.35,14.88,14.0
2026-05-28T14:50:57,2026-05-28 14:50:54,003004,声迅股份,56.59,3.0596,54.83,57.22,53.8,54.91,246993325.51,54.91,49.76
2026-05-28T14:50:57,2026-05-28 14:50:53,603685,晨丰科技,34.7,-2.9642,35.38,36.31,33.81,35.76,276802265.0,35.76,32.56
2026-05-28T14:50:57,2026-05-28 14:50:54,600396,华电辽能,19.3,3.9311,19.5,20.21,18.18,18.57,6244299581.0,16.88,14.75
2026-05-28T14:50:57,2026-05-28 14:50:54,605006,山东玻纤,20.1,8.3558,17.8,20.3,17.68,18.55,1632436432.0,18.55,17.2
2026-05-28T14:50:57,2026-05-28 14:50:53,600719,大连热电,9.64,-5.0246,9.78,10.17,9.45,10.15,620130255.0,10.15,9.83
2026-05-28T14:50:57,2026-05-28 14:50:55,603919,金徽酒,20.48,-6.1842,21.08,21.35,20.43,21.83,409423025.0,20.83,19.25
2026-05-28T14:50:57,2026-05-28 14:50:52,600863,华能蒙电,6.68,-0.4471,6.9,7.31,6.56,6.71,4239837170.0,6.1,5.39
2026-05-28T14:50:57,2026-05-28 14:50:54,603303,得邦照明,26.09,0.0383,25.53,26.6,25.0,26.08,173747799.0,25.79,22.56
2026-05-28T14:55:58,2026-05-28 14:55:54,600021,上海电力,21.08,2.3798,20.59,21.45,19.9,20.59,3913205990.0,21.6,20.2
2026-05-28T14:55:58,2026-05-28 14:55:57,002181,粤传媒,15.92,6.1333,14.7,16.28,14.7,15.0,1911994680.21,15.0,13.17
2026-05-28T14:55:58,2026-05-28 14:55:57,000506,招金黄金,14.37,-3.4274,14.75,14.83,14.12,14.88,500040700.35,14.88,14.0
2026-05-28T14:55:58,2026-05-28 14:55:57,003004,声迅股份,57.58,4.8625,54.83,57.58,53.8,54.91,260939838.39,54.91,49.76
2026-05-28T14:55:58,2026-05-28 14:55:56,603685,晨丰科技,34.77,-2.7685,35.38,36.31,33.81,35.76,283219964.0,35.76,32.56
2026-05-28T14:55:58,2026-05-28 14:55:54,600396,华电辽能,19.22,3.5003,19.5,20.21,18.18,18.57,6531676520.0,16.88,14.75
2026-05-28T14:55:58,2026-05-28 14:55:54,605006,山东玻纤,20.1,8.3558,17.8,20.3,17.68,18.55,1670403995.0,18.55,17.2
2026-05-28T14:55:58,2026-05-28 14:55:55,600719,大连热电,9.62,-5.2217,9.78,10.17,9.45,10.15,639802271.0,10.15,9.83
2026-05-28T14:55:58,2026-05-28 14:55:55,603919,金徽酒,20.49,-6.1383,21.08,21.35,20.41,21.83,427237431.0,20.83,19.25
2026-05-28T14:55:58,2026-05-28 14:55:55,600863,华能蒙电,6.62,-1.3413,6.9,7.31,6.56,6.71,4364210404.0,6.1,5.39
2026-05-28T14:55:58,2026-05-28 14:55:54,603303,得邦照明,26.04,-0.1534,25.53,26.6,25.0,26.08,182988755.0,25.79,22.56
